UTC Time,Latitude,Longitude,GForce,satCount
134800,51.467943,5.374531,0.04,20
134800,51.467943,5.374531,0.05,20
134800,51.467943,5.374531,0.05,20
134800,51.467943,5.374531,0.04,20
134800,51.467943,5.374531,0.05,20
134800,51.467943,5.374531,0.04,20
134800,51.467943,5.374531,0.05,20
134800,51.467943,5.374531,0.05,20
134800,51.467943,5.374531,0.04,20
134800,51.467943,5.374531,0.04,20
134801,51.467943,5.374531,0.03,20
134801,51.467943,5.374531,0.04,20
134801,51.467943,5.374531,0.04,20
134801,51.467943,5.374531,0.05,20
134801,51.467943,5.374531,0.05,20
134801,51.467943,5.374531,0.03,20
134801,51.467943,5.374531,0.05,20
134801,51.467943,5.374531,0.04,20
134801,51.467943,5.374531,0.05,20
134801,51.467943,5.374531,0.04,20
134802,51.467943,5.374531,0.04,20
134802,51.467943,5.374531,0.04,20
134802,51.467943,5.374531,0.05,20
134802,51.467943,5.374531,0.04,20
134802,51.467943,5.374531,0.04,20
134802,51.467943,5.374531,0.05,20
134802,51.467943,5.374531,0.05,20
134802,51.467943,5.374531,0.05,20
134802,51.467943,5.374531,0.05,20
134802,51.467943,5.374531,0.04,20
134803,51.467943,5.374531,0.05,20
134803,51.467943,5.374531,0.04,20
134803,51.467943,5.374531,0.04,20
134803,51.467943,5.374531,0.05,20
134803,51.467943,5.374531,0.04,20
134803,51.467943,5.374531,0.05,20
134803,51.467943,5.374531,0.04,20
134803,51.467943,5.374531,0.04,20
134803,51.467943,5.374531,0.04,20
134803,51.467943,5.374531,0.05,20
134804,51.467943,5.374531,0.05,20
134804,51.467943,5.374531,0.05,20
134804,51.467943,5.374531,0.04,20
134804,51.467943,5.374531,0.05,20
134804,51.467943,5.374531,0.05,20
134804,51.467943,5.374531,0.05,20
134804,51.467943,5.374531,0.05,20
134804,51.467943,5.374531,0.05,20
134804,51.467943,5.374531,0.05,20
134804,51.467943,5.374531,0.04,20
134805,51.467943,5.374531,0.05,20
134805,51.467943,5.374531,0.04,20
134805,51.467943,5.374531,0.04,20
134805,51.467943,5.374531,0.04,20
134805,51.467943,5.374531,0.04,20
134805,51.467943,5.374531,0.05,20
134805,51.467943,5.374531,0.04,20
134805,51.467943,5.374531,0.03,20
134805,51.467943,5.374531,0.04,20
134805,51.467943,5.374531,0.03,20
134806,51.467943,5.374531,0.04,20
134806,51.467943,5.374531,0.03,20
134806,51.467943,5.374531,0.04,20
134806,51.467943,5.374531,0.05,20
134806,51.467943,5.374531,0.04,20
134806,51.467943,5.374531,0.05,20
134806,51.467943,5.374531,0.05,20
134806,51.467943,5.374531,0.05,20
134806,51.467943,5.374531,0.05,20
134806,51.467943,5.374531,0.04,20
134807,51.467943,5.374531,0.04,20
134807,51.467943,5.374531,0.04,20
134807,51.467943,5.374531,0.04,20
134807,51.467943,5.374531,0.04,20
134807,51.467943,5.374531,0.04,20
134807,51.467943,5.374531,0.03,20
134807,51.467943,5.374531,0.03,20
134807,51.467943,5.374531,0.04,20
134807,51.467943,5.374531,0.04,20
134807,51.467943,5.374531,0.05,20
134808,51.467943,5.374531,0.04,20
134808,51.467943,5.374531,0.04,20
134808,51.467943,5.374531,0.05,20
134808,51.467943,5.374531,0.04,20
134808,51.467943,5.374531,0.05,20
134808,51.467943,5.374531,0.05,20
134808,51.467943,5.374531,0.04,20
134808,51.467943,5.374531,0.05,20
134808,51.467943,5.374531,0.04,20
134808,51.467943,5.374531,0.04,20
134809,51.467943,5.374531,0.04,20
134809,51.467943,5.374531,0.04,20
134809,51.467943,5.374531,0.04,20
134809,51.467943,5.374531,0.05,20
134809,51.467943,5.374531,0.04,20
134809,51.467943,5.374531,0.05,20
134809,51.467943,5.374531,0.05,20
134809,51.467943,5.374531,0.04,20
134809,51.467943,5.374531,0.05,20
134809,51.467943,5.374531,0.06,20
134810,51.467943,5.374531,0.05,20
134810,51.467943,5.374531,0.05,20
134810,51.467943,5.374531,0.03,20
134810,51.467943,5.374531,0.04,20
134810,51.467943,5.374531,0.04,20
134810,51.467943,5.374531,0.05,20
134810,51.467943,5.374531,0.03,20
134810,51.467943,5.374531,0.04,20
134810,51.467943,5.374531,0.04,20
134810,51.467943,5.374531,0.04,20
134811,51.467943,5.374531,0.05,20
134811,51.467943,5.374531,0.04,20
134811,51.467943,5.374531,0.04,20
134811,51.467943,5.374531,0.03,20
134811,51.467943,5.374531,0.04,20
134811,51.467943,5.374531,0.04,20
134811,51.467943,5.374531,0.04,20
134811,51.467943,5.374531,0.04,20
134811,51.467943,5.374531,0.04,20
134811,51.467943,5.374531,0.05,20
134812,51.467943,5.374531,0.05,20
134812,51.467943,5.374531,0.05,20
134812,51.467943,5.374531,0.04,20
134812,51.467943,5.374531,0.04,20
134812,51.467943,5.374531,0.05,20
134812,51.467943,5.374531,0.04,20
134812,51.467943,5.374531,0.04,20
134812,51.467943,5.374531,0.04,20
134812,51.467943,5.374531,0.04,20
134812,51.467943,5.374531,0.03,20
134813,51.467943,5.37453,0.04,20
134813,51.467943,5.37453,0.05,20
134813,51.467943,5.37453,0.04,20
134813,51.467943,5.37453,0.05,20
134813,51.467943,5.37453,0.03,20
134813,51.467943,5.37453,0.04,20
134813,51.467943,5.37453,0.03,20
134813,51.467943,5.37453,0.04,20
134813,51.467943,5.37453,0.05,20
134813,51.467943,5.37453,0.05,20
134814,51.467943,5.374531,0.05,20
134814,51.467943,5.374531,0.05,20
134814,51.467943,5.374531,0.04,20
134814,51.467943,5.374531,0.04,20
134814,51.467943,5.374531,0.03,20
134814,51.467943,5.374531,0.03,20
134814,51.467943,5.374531,0.05,20
134814,51.467943,5.374531,0.04,20
134814,51.467943,5.374531,0.04,20
134814,51.467943,5.374531,0.04,20
134815,51.467943,5.374531,0.04,20
134815,51.467943,5.374531,0.04,20
134815,51.467943,5.374531,0.04,20
134815,51.467943,5.374531,0.04,20
134815,51.467943,5.374531,0.04,20
134815,51.467943,5.374531,0.04,20
134815,51.467943,5.374531,0.05,20
134815,51.467943,5.374531,0.04,20
134815,51.467943,5.374531,0.04,20
134815,51.467943,5.374531,0.05,20
134816,51.467943,5.374531,0.04,20
134816,51.467943,5.374531,0.05,20
134816,51.467943,5.374531,0.05,20
134816,51.467943,5.374531,0.05,20
134816,51.467943,5.374531,0.05,20
134816,51.467943,5.374531,0.05,20
134816,51.467943,5.374531,0.04,20
134816,51.467943,5.374531,0.05,20
134816,51.467943,5.374531,0.03,20
134816,51.467943,5.374531,0.03,20
134817,51.467943,5.374531,0.04,20
134817,51.467943,5.374531,0.04,20
134817,51.467943,5.374531,0.04,20
134817,51.467943,5.374531,0.04,20
134817,51.467943,5.374531,0.04,20
134817,51.467943,5.374531,0.04,20
134817,51.467943,5.374531,0.04,20
134817,51.467943,5.374531,0.05,20
134817,51.467943,5.374531,0.04,20
134818,51.467943,5.374531,0.03,20
134818,51.467943,5.374531,0.04,20
134818,51.467943,5.374531,0.05,20
134818,51.467943,5.374531,0.04,20
134818,51.467943,5.374531,0.05,20
134818,51.467943,5.374531,0.05,20
134818,51.467943,5.374531,0.04,20
134818,51.467943,5.374531,0.05,20
134818,51.467943,5.374531,0.03,20
134818,51.467943,5.374531,0.04,20
134819,51.467943,5.37453,0.04,20
134819,51.467943,5.37453,0.03,20
134819,51.467943,5.37453,0.05,20
134819,51.467943,5.37453,0.04,20
134819,51.467943,5.37453,0.04,20
134819,51.467943,5.37453,0.05,20
134819,51.467943,5.37453,0.04,20
134819,51.467943,5.37453,0.04,20
134819,51.467943,5.37453,0.04,20
134819,51.467943,5.37453,0.04,20
134820,51.467943,5.37453,0.05,20
134820,51.467943,5.37453,0.04,20
134820,51.467943,5.37453,0.04,20
134820,51.467943,5.37453,0.04,20
134820,51.467943,5.37453,0.04,20
134820,51.467943,5.37453,0.04,20
134820,51.467943,5.37453,0.04,20
134820,51.467943,5.37453,0.05,20
134820,51.467943,5.37453,0.04,20
134820,51.467943,5.37453,0.05,20
134821,51.467943,5.37453,0.05,20
134821,51.467943,5.37453,0.04,20
134821,51.467943,5.37453,0.05,20
134821,51.467943,5.37453,0.04,20
134821,51.467943,5.37453,0.03,20
134821,51.467943,5.37453,0.04,20
134821,51.467943,5.37453,0.05,20
134821,51.467943,5.37453,0.04,20
134821,51.467943,5.37453,0.03,20
134821,51.467943,5.37453,0.05,20
134822,51.467942,5.37453,0.04,20
134822,51.467942,5.37453,0.05,20
134822,51.467942,5.37453,0.06,20
134822,51.467942,5.37453,0.04,20
134822,51.467942,5.37453,0.04,20
134822,51.467942,5.37453,0.05,20
134822,51.467942,5.37453,0.04,20
134822,51.467942,5.37453,0.04,20
134822,51.467942,5.37453,0.04,20
134822,51.467942,5.37453,0.04,20
134823,51.467942,5.37453,0.04,20
134823,51.467942,5.37453,0.03,20
134823,51.467942,5.37453,0.03,20
134823,51.467942,5.37453,0.04,20
134823,51.467942,5.37453,0.04,20
134823,51.467942,5.37453,0.04,20
134823,51.467942,5.37453,0.03,20
134823,51.467942,5.37453,0.04,20
134823,51.467942,5.37453,0.04,20
134823,51.467942,5.37453,0.05,20
134824,51.467942,5.37453,0.04,20
134824,51.467942,5.37453,0.04,20
134824,51.467942,5.37453,0.03,20
134824,51.467942,5.37453,0.05,20
134824,51.467942,5.37453,0.05,20
134824,51.467942,5.37453,0.05,20
134824,51.467942,5.37453,0.05,20
134824,51.467942,5.37453,0.05,20
134824,51.467942,5.37453,0.05,20
134824,51.467942,5.37453,0.03,20
134825,51.467942,5.37453,0.04,20
134825,51.467942,5.37453,0.04,20
134825,51.467942,5.37453,0.03,20
134825,51.467942,5.37453,0.03,20
134825,51.467942,5.37453,0.04,20
134825,51.467942,5.37453,0.04,20
134825,51.467942,5.37453,0.04,20
134825,51.467942,5.37453,0.05,20
134825,51.467942,5.37453,0.04,20
134825,51.467942,5.37453,0.05,20
134826,51.467942,5.37453,0.04,20
134826,51.467942,5.37453,0.04,20
134826,51.467942,5.37453,0.04,20
134826,51.467942,5.37453,0.04,20
134826,51.467942,5.37453,0.04,20
134826,51.467942,5.37453,0.03,20
134826,51.467942,5.37453,0.03,20
134826,51.467942,5.37453,0.04,20
134826,51.467942,5.37453,0.04,20
134826,51.467942,5.37453,0.04,20
134827,51.467942,5.37453,0.05,20
134827,51.467942,5.37453,0.04,20
134827,51.467942,5.37453,0.05,20
134827,51.467942,5.37453,0.05,20
134827,51.467942,5.37453,0.06,20
134827,51.467942,5.37453,0.05,20
134827,51.467942,5.37453,0.06,20
134827,51.467942,5.37453,0.05,20
134827,51.467942,5.37453,0.05,20
134827,51.467942,5.37453,0.05,20
134828,51.467942,5.37453,0.08,20
134828,51.467942,5.37453,0.08,20
134828,51.467942,5.37453,0.07,20
134828,51.467942,5.37453,0.05,20
134828,51.467942,5.37453,0.08,20
134828,51.467942,5.37453,0.09,20
134828,51.467942,5.37453,0.1,20
134828,51.467942,5.37453,0.09,20
134828,51.467942,5.37453,0.09,20
134828,51.467942,5.37453,0.09,20
134829,51.467942,5.37453,0.1,20
134829,51.467942,5.37453,0.08,20
134829,51.467942,5.37453,0.09,20
134829,51.467942,5.37453,0.1,20
134829,51.467942,5.37453,0.11,20
134829,51.467942,5.37453,0.1,20
134829,51.467942,5.37453,0.12,20
134829,51.467942,5.37453,0.1,20
134829,51.467942,5.37453,0.1,20
134829,51.467942,5.37453,0.12,20
134830,51.467936,5.374522,0.13,20
134830,51.467936,5.374522,0.11,20
134830,51.467936,5.374522,0.11,20
134830,51.467936,5.374522,0.11,20
134830,51.467936,5.374522,0.12,20
134830,51.467936,5.374522,0.12,20
134830,51.467936,5.374522,0.12,20
134830,51.467936,5.374522,0.11,20
134830,51.467936,5.374522,0.12,20
134830,51.467936,5.374522,0.12,20
134831,51.467925,5.374509,0.11,20
134831,51.467925,5.374509,0.1,20
134831,51.467925,5.374509,0.1,20
134831,51.467925,5.374509,0.1,20
134831,51.467925,5.374509,0.12,20
134831,51.467925,5.374509,0.1,20
134831,51.467925,5.374509,0.11,20
134831,51.467925,5.374509,0.12,20
134831,51.467925,5.374509,0.11,20
134831,51.467925,5.374509,0.13,20
134832,51.467908,5.374491,0.12,20
134832,51.467908,5.374491,0.11,20
134832,51.467908,5.374491,0.11,20
134832,51.467908,5.374491,0.11,20
134832,51.467908,5.374491,0.11,20
134832,51.467908,5.374491,0.09,20
134832,51.467908,5.374491,0.1,20
134832,51.467908,5.374491,0.09,20
134832,51.467908,5.374491,0.07,20
134832,51.467908,5.374491,0.07,20
134833,51.467886,5.374467,0.08,20
134833,51.467886,5.374467,0.07,20
134833,51.467886,5.374467,0.05,20
134833,51.467886,5.374467,0.07,20
134833,51.467886,5.374467,0.08,20
134833,51.467886,5.374467,0.03,20
134833,51.467886,5.374467,0.03,20
134833,51.467886,5.374467,0.07,20
134833,51.467886,5.374467,0.03,20
134833,51.467886,5.374467,0.03,20
134834,51.46786,5.374438,0.09,20
134834,51.46786,5.374438,0.09,20
134834,51.46786,5.374438,0.09,20
134834,51.46786,5.374438,0.1,20
134834,51.46786,5.374438,0.12,20
134834,51.46786,5.374438,0.12,20
134834,51.46786,5.374438,0.14,20
134834,51.46786,5.374438,0.18,20
134834,51.46786,5.374438,0.17,20
134834,51.46786,5.374438,0.17,20
134835,51.467834,5.374403,0.19,20
134835,51.467834,5.374403,0.18,20
134835,51.467834,5.374403,0.17,20
134835,51.467834,5.374403,0.16,20
134835,51.467834,5.374403,0.1,20
134835,51.467834,5.374403,0.07,20
134835,51.467834,5.374403,0.08,20
134835,51.467834,5.374403,0.08,20
134835,51.467834,5.374403,0.08,20
134835,51.467834,5.374403,0.09,20
134836,51.467802,5.374358,0.06,20
134836,51.467802,5.374358,0.07,20
134836,51.467802,5.374358,0.07,20
134836,51.467802,5.374358,0.1,20
134836,51.467802,5.374358,0.06,20
134836,51.467802,5.374358,0.05,20
134836,51.467802,5.374358,0.08,20
134836,51.467802,5.374358,0.08,20
134836,51.467802,5.374358,0.07,20
134836,51.467802,5.374358,0.01,20
134837,51.467767,5.374314,0.02,20
134837,51.467767,5.374314,0.03,20
134837,51.467767,5.374314,0.04,20
134837,51.467767,5.374314,0.01,20
134837,51.467767,5.374314,0.03,20
134837,51.467767,5.374314,0.04,20
134837,51.467767,5.374314,0,20
134837,51.467767,5.374314,0.06,20
134837,51.467767,5.374314,0.01,20
134838,51.467734,5.374278,0.03,20
134838,51.467734,5.374278,0.07,20
134838,51.467734,5.374278,0.01,20
134838,51.467734,5.374278,0.04,20
134838,51.467734,5.374278,0.05,20
134838,51.467734,5.374278,0.05,20
134838,51.467734,5.374278,0.05,20
134838,51.467734,5.374278,0.04,20
134838,51.467734,5.374278,0.03,20
134838,51.467734,5.374278,0.06,20
134839,51.467704,5.374244,0.06,20
134839,51.467704,5.374244,0.04,20
134839,51.467704,5.374244,0.03,20
134839,51.467704,5.374244,0.05,20
134839,51.467704,5.374244,0.05,20
134839,51.467704,5.374244,0.03,20
134839,51.467704,5.374244,0.05,20
134839,51.467704,5.374244,0.05,20
134839,51.467704,5.374244,0.05,20
134839,51.467704,5.374244,0.06,20
134840,51.467676,5.374211,0.04,19
134840,51.467676,5.374211,0.02,19
134840,51.467676,5.374211,0.06,19
134840,51.467676,5.374211,0.05,19
134840,51.467676,5.374211,0.05,19
134840,51.467676,5.374211,0.05,19
134840,51.467676,5.374211,0.04,19
134840,51.467676,5.374211,0.04,19
134840,51.467676,5.374211,0.04,19
134840,51.467676,5.374211,0.05,19
134841,51.467651,5.37418,0.06,19
134841,51.467651,5.37418,0.03,19
134841,51.467651,5.37418,0.06,19
134841,51.467651,5.37418,0.05,19
134841,51.467651,5.37418,0.04,19
134841,51.467651,5.37418,0.04,19
134841,51.467651,5.37418,0.07,19
134841,51.467651,5.37418,0.03,19
134841,51.467651,5.37418,0.05,19
134841,51.467651,5.37418,0.05,19
134841,51.467651,5.37418,0.04,19
134842,51.467629,5.374152,0.04,19
134842,51.467629,5.374152,0.04,19
134842,51.467629,5.374152,0.03,19
134842,51.467629,5.374152,0.05,19
134842,51.467629,5.374152,0.04,19
134842,51.467629,5.374152,0.05,19
134842,51.467629,5.374152,0.05,19
134842,51.467629,5.374152,0.05,19
134842,51.467629,5.374152,0.04,19
134842,51.467629,5.374152,0.05,19
134843,51.467611,5.374127,0.02,19
134843,51.467611,5.374127,0.04,19
134843,51.467611,5.374127,0.04,19
134843,51.467611,5.374127,0.03,19
134843,51.467611,5.374127,0.04,19
134843,51.467611,5.374127,0.04,19
134843,51.467611,5.374127,0.04,19
134843,51.467611,5.374127,0.03,19
134843,51.467611,5.374127,0.05,19
134844,51.467596,5.374105,0.06,19
134844,51.467596,5.374105,0.03,19
134844,51.467596,5.374105,0.03,19
134844,51.467596,5.374105,0.03,19
134844,51.467596,5.374105,0.05,19
134844,51.467596,5.374105,0.05,19
134844,51.467596,5.374105,0.04,19
134844,51.467596,5.374105,0.02,19
134844,51.467596,5.374105,0.06,19
134844,51.467596,5.374105,0.05,19
134845,51.467584,5.374086,0.04,19
134845,51.467584,5.374086,0.05,19
134845,51.467584,5.374086,0.04,19
134845,51.467584,5.374086,0.03,19
134845,51.467584,5.374086,0.06,19
134845,51.467584,5.374086,0.04,19
134845,51.467584,5.374086,0.04,19
134845,51.467584,5.374086,0.05,19
134845,51.467584,5.374086,0.04,19
134845,51.467584,5.374086,0.06,19
134846,51.467572,5.37407,0.05,19
134846,51.467572,5.37407,0.05,19
134846,51.467572,5.37407,0.05,19
134846,51.467572,5.37407,0.06,19
134846,51.467572,5.37407,0.05,19
134846,51.467572,5.37407,0.05,19
134846,51.467572,5.37407,0.04,19
134846,51.467572,5.37407,0.04,19
134846,51.467572,5.37407,0.04,19
134846,51.467572,5.37407,0.05,19
134847,51.467563,5.374055,0.04,19
134847,51.467563,5.374055,0.03,19
134847,51.467563,5.374055,0.04,19
134847,51.467563,5.374055,0.05,19
134847,51.467563,5.374055,0.05,19
134847,51.467563,5.374055,0.05,19
134847,51.467563,5.374055,0.04,19
134847,51.467563,5.374055,0.06,19
134847,51.467563,5.374055,0.08,19
134847,51.467563,5.374055,0.1,19
134848,51.467555,5.374044,0.12,19
134848,51.467555,5.374044,0.12,19
134848,51.467555,5.374044,0.13,19
134848,51.467555,5.374044,0.12,19
134848,51.467555,5.374044,0.11,19
134848,51.467555,5.374044,0.13,19
134848,51.467555,5.374044,0.12,19
134848,51.467555,5.374044,0.05,19
134848,51.467555,5.374044,0.08,19
134849,51.467555,5.374044,0.04,19
134849,51.467555,5.374044,0.05,19
134849,51.467555,5.374044,0.03,19
134849,51.467555,5.374044,0.04,19
134849,51.467555,5.374044,0.06,19
134849,51.467555,5.374044,0.06,19
134849,51.467555,5.374044,0.04,19
134849,51.467555,5.374044,0.06,19
134849,51.467555,5.374044,0.04,19
134849,51.467555,5.374044,0.05,19
134850,51.467555,5.374044,0.05,19
134850,51.467555,5.374044,0.05,19
134850,51.467555,5.374044,0.06,19
134850,51.467555,5.374044,0.06,19
134850,51.467555,5.374044,0.04,19
134850,51.467555,5.374044,0.05,19
134850,51.467555,5.374044,0.04,19
134850,51.467555,5.374044,0.04,19
134850,51.467555,5.374044,0.04,19
134850,51.467555,5.374044,0.05,19
134851,51.467555,5.374044,0.04,19
134851,51.467555,5.374044,0.05,19
134851,51.467555,5.374044,0.06,19
134851,51.467555,5.374044,0.04,19
134851,51.467555,5.374044,0.05,19
134851,51.467555,5.374044,0.04,19
134851,51.467555,5.374044,0.05,19
134851,51.467555,5.374044,0.05,19
134851,51.467555,5.374044,0.04,19
134851,51.467555,5.374044,0.05,19
134852,51.467554,5.374044,0.05,19
134852,51.467554,5.374044,0.06,19
134852,51.467554,5.374044,0.06,19
134852,51.467554,5.374044,0.06,19
134852,51.467554,5.374044,0.06,19
134852,51.467554,5.374044,0.05,19
134852,51.467554,5.374044,0.06,19
134852,51.467554,5.374044,0.06,19
134852,51.467554,5.374044,0.06,19
134852,51.467554,5.374044,0.05,19
134853,51.467554,5.374044,0.05,19
134853,51.467554,5.374044,0.05,19
134853,51.467554,5.374044,0.05,19
134853,51.467554,5.374044,0.04,19
134853,51.467554,5.374044,0.05,19
134853,51.467554,5.374044,0.06,19
134853,51.467554,5.374044,0.04,19
134853,51.467554,5.374044,0.05,19
134853,51.467554,5.374044,0.06,19
134853,51.467554,5.374044,0.05,19
134854,51.467554,5.374044,0.05,19
134854,51.467554,5.374044,0.05,19
134854,51.467554,5.374044,0.05,19
134854,51.467554,5.374044,0.05,19
134854,51.467554,5.374044,0.05,19
134854,51.467554,5.374044,0.05,19
134854,51.467554,5.374044,0.05,19
134854,51.467554,5.374044,0.04,19
134854,51.467554,5.374044,0.05,19
134854,51.467554,5.374044,0.05,19
134855,51.467553,5.374044,0.05,19
134855,51.467553,5.374044,0.05,19
134855,51.467553,5.374044,0.06,19
134855,51.467553,5.374044,0.05,19
134855,51.467553,5.374044,0.06,19
134855,51.467553,5.374044,0.05,19
134855,51.467553,5.374044,0.04,19
134855,51.467553,5.374044,0.05,19
134855,51.467553,5.374044,0.05,19
134855,51.467553,5.374044,0.04,19
134856,51.467553,5.374044,0.04,19
134856,51.467553,5.374044,0.06,19
134856,51.467553,5.374044,0.05,19
134856,51.467553,5.374044,0.04,19
134856,51.467553,5.374044,0.05,19
134856,51.467553,5.374044,0.06,19
134856,51.467553,5.374044,0.06,19
134856,51.467553,5.374044,0.06,19
134856,51.467553,5.374044,0.06,19
134856,51.467553,5.374044,0.05,19
134857,51.467553,5.374044,0.04,19
134857,51.467553,5.374044,0.06,19
134857,51.467553,5.374044,0.05,19
134857,51.467553,5.374044,0.05,19
134857,51.467553,5.374044,0.04,19
134857,51.467553,5.374044,0.04,19
134857,51.467553,5.374044,0.04,19
134857,51.467553,5.374044,0.04,19
134857,51.467553,5.374044,0.05,19
134857,51.467553,5.374044,0.04,19
134858,51.467553,5.374043,0.04,19
134858,51.467553,5.374043,0.04,19
134858,51.467553,5.374043,0.05,19
134858,51.467553,5.374043,0.05,19
134858,51.467553,5.374043,0.05,19
134858,51.467553,5.374043,0.05,19
134858,51.467553,5.374043,0.05,19
134858,51.467553,5.374043,0.05,19
134858,51.467553,5.374043,0.05,19
134858,51.467553,5.374043,0.06,19
134859,51.467552,5.374043,0.05,19
134859,51.467552,5.374043,0.04,19
134859,51.467552,5.374043,0.05,19
134859,51.467552,5.374043,0.05,19
134859,51.467552,5.374043,0.06,19
134859,51.467552,5.374043,0.05,19
134859,51.467552,5.374043,0.05,19
134859,51.467552,5.374043,0.04,19
134859,51.467552,5.374043,0.06,19
134859,51.467552,5.374043,0.06,19
134900,51.467552,5.374043,0.05,19
134900,51.467552,5.374043,0.05,19
134900,51.467552,5.374043,0.04,19
134900,51.467552,5.374043,0.05,19
134900,51.467552,5.374043,0.04,19
134900,51.467552,5.374043,0.05,19
134900,51.467552,5.374043,0.05,19
134900,51.467552,5.374043,0.04,19
134900,51.467552,5.374043,0.04,19
134900,51.467552,5.374043,0.04,19
134901,51.467552,5.374044,0.04,19
134901,51.467552,5.374044,0.04,19
134901,51.467552,5.374044,0.05,19
134901,51.467552,5.374044,0.05,19
134901,51.467552,5.374044,0.06,19
134901,51.467552,5.374044,0.06,19
134901,51.467552,5.374044,0.06,19
134901,51.467552,5.374044,0.05,19
134901,51.467552,5.374044,0.06,19
134901,51.467552,5.374044,0.04,19
134902,51.467552,5.374044,0.04,19
134902,51.467552,5.374044,0.04,19
134902,51.467552,5.374044,0.05,19
134902,51.467552,5.374044,0.04,19
134902,51.467552,5.374044,0.05,19
134902,51.467552,5.374044,0.04,19
134902,51.467552,5.374044,0.04,19
134902,51.467552,5.374044,0.04,19
134902,51.467552,5.374044,0.04,19
134903,51.467552,5.374044,0.04,19
134903,51.467552,5.374044,0.04,19
134903,51.467552,5.374044,0.05,19
134903,51.467552,5.374044,0.05,19
134903,51.467552,5.374044,0.06,19
134903,51.467552,5.374044,0.05,19
134903,51.467552,5.374044,0.05,19
134903,51.467552,5.374044,0.06,19
134903,51.467552,5.374044,0.05,19
134903,51.467552,5.374044,0.05,19
134904,51.467552,5.374044,0.05,19
134904,51.467552,5.374044,0.05,19
134904,51.467552,5.374044,0.04,19
134904,51.467552,5.374044,0.06,19
134904,51.467552,5.374044,0.05,19
134904,51.467552,5.374044,0.06,19
134904,51.467552,5.374044,0.05,19
134904,51.467552,5.374044,0.05,19
134904,51.467552,5.374044,0.05,19
134904,51.467552,5.374044,0.05,19
134905,51.467552,5.374044,0.06,19
134905,51.467552,5.374044,0.05,19
134905,51.467552,5.374044,0.05,19
134905,51.467552,5.374044,0.05,19
134905,51.467552,5.374044,0.05,19
134905,51.467552,5.374044,0.06,19
134905,51.467552,5.374044,0.05,19
134905,51.467552,5.374044,0.05,19
134905,51.467552,5.374044,0.04,19
134905,51.467552,5.374044,0.05,19
134906,51.467552,5.374044,0.05,19
134906,51.467552,5.374044,0.05,19
134906,51.467552,5.374044,0.05,19
134906,51.467552,5.374044,0.05,19
134906,51.467552,5.374044,0.04,19
134906,51.467552,5.374044,0.06,19
134906,51.467552,5.374044,0.05,19
134906,51.467552,5.374044,0.05,19
134906,51.467552,5.374044,0.05,19
134906,51.467552,5.374044,0.05,19
134907,51.467553,5.374044,0.05,19
134907,51.467553,5.374044,0.05,19
134907,51.467553,5.374044,0.05,19
134907,51.467553,5.374044,0.05,19
134907,51.467553,5.374044,0.04,19
134907,51.467553,5.374044,0.06,19
134907,51.467553,5.374044,0.06,19
134907,51.467553,5.374044,0.05,19
134907,51.467553,5.374044,0.05,19
134907,51.467553,5.374044,0.05,19
134908,51.467553,5.374044,0.06,19
134908,51.467553,5.374044,0.05,19
134908,51.467553,5.374044,0.06,19
134908,51.467553,5.374044,0.05,19
134908,51.467553,5.374044,0.05,19
134908,51.467553,5.374044,0.04,19
134908,51.467553,5.374044,0.05,19
134908,51.467553,5.374044,0.05,19
134908,51.467553,5.374044,0.05,19
134908,51.467553,5.374044,0.05,19
134909,51.467553,5.374044,0.06,19
134909,51.467553,5.374044,0.04,19
134909,51.467553,5.374044,0.04,19
134909,51.467553,5.374044,0.05,19
134909,51.467553,5.374044,0.06,19
134909,51.467553,5.374044,0.06,19
134909,51.467553,5.374044,0.05,19
134909,51.467553,5.374044,0.04,19
134909,51.467553,5.374044,0.04,19
134909,51.467553,5.374044,0.04,19
134910,51.467553,5.374044,0.05,19
134910,51.467553,5.374044,0.04,19
134910,51.467553,5.374044,0.06,19
134910,51.467553,5.374044,0.06,19
134910,51.467553,5.374044,0.07,19
134910,51.467553,5.374044,0.05,19
134910,51.467553,5.374044,0.05,19
134910,51.467553,5.374044,0.06,19
134910,51.467553,5.374044,0.04,19
134910,51.467553,5.374044,0.03,19
134911,51.467553,5.374045,0.05,19
134911,51.467553,5.374045,0.05,19
134911,51.467553,5.374045,0.04,19
134911,51.467553,5.374045,0.04,19
134911,51.467553,5.374045,0.05,19
134911,51.467553,5.374045,0.05,19
134911,51.467553,5.374045,0.05,19
134911,51.467553,5.374045,0.05,19
134911,51.467553,5.374045,0.06,19
134911,51.467553,5.374045,0.05,19
134912,51.467553,5.374045,0.05,19
134912,51.467553,5.374045,0.05,19
134912,51.467553,5.374045,0.05,19
134912,51.467553,5.374045,0.04,19
134912,51.467553,5.374045,0.05,19
134912,51.467553,5.374045,0.05,19
134912,51.467553,5.374045,0.04,19
134912,51.467553,5.374045,0.04,19
134912,51.467553,5.374045,0.04,19
134912,51.467553,5.374045,0.04,19
134913,51.467553,5.374045,0.05,19
134913,51.467553,5.374045,0.05,19
134913,51.467553,5.374045,0.06,19
134913,51.467553,5.374045,0.07,19
134913,51.467553,5.374045,0.06,19
134913,51.467553,5.374045,0.05,19
134913,51.467553,5.374045,0.05,19
134913,51.467553,5.374045,0.05,19
134913,51.467553,5.374045,0.05,19
134913,51.467553,5.374045,0.05,19
134914,51.467553,5.374045,0.06,19
134914,51.467553,5.374045,0.04,19
134914,51.467553,5.374045,0.05,19
134914,51.467553,5.374045,0.04,19
134914,51.467553,5.374045,0.05,19
134914,51.467553,5.374045,0.05,19
134914,51.467553,5.374045,0.04,19
134914,51.467553,5.374045,0.05,19
134914,51.467553,5.374045,0.04,19
134914,51.467553,5.374045,0.05,19
134915,51.467553,5.374045,0.05,19
134915,51.467553,5.374045,0.04,19
134915,51.467553,5.374045,0.05,19
134915,51.467553,5.374045,0.05,19
134915,51.467553,5.374045,0.06,19
134915,51.467553,5.374045,0.04,19
134915,51.467553,5.374045,0.05,19
134915,51.467553,5.374045,0.06,19
134915,51.467553,5.374045,0.05,19
134915,51.467553,5.374045,0.05,19
134916,51.467552,5.374045,0.06,19
134916,51.467552,5.374045,0.05,19
134916,51.467552,5.374045,0.06,19
134916,51.467552,5.374045,0.06,19
134916,51.467552,5.374045,0.06,19
134916,51.467552,5.374045,0.05,19
134916,51.467552,5.374045,0.05,19
134916,51.467552,5.374045,0.05,19
134916,51.467552,5.374045,0.06,19
134916,51.467552,5.374045,0.09,19
134917,51.467552,5.374045,0.1,19
134917,51.467552,5.374045,0.09,19
134917,51.467552,5.374045,0.1,19
134917,51.467552,5.374045,0.09,19
134917,51.467552,5.374045,0.09,19
134917,51.467552,5.374045,0.1,19
134917,51.467552,5.374045,0.1,19
134917,51.467552,5.374045,0.11,19
134917,51.467552,5.374045,0.13,19
134918,51.467552,5.374045,0.11,19
134918,51.467552,5.374045,0.13,19
134918,51.467552,5.374045,0.12,19
134918,51.467552,5.374045,0.13,19
134918,51.467552,5.374045,0.13,19
134918,51.467552,5.374045,0.14,19
134918,51.467552,5.374045,0.13,19
134918,51.467552,5.374045,0.13,19
134918,51.467552,5.374045,0.14,19
134918,51.467552,5.374045,0.13,19
134918,51.467552,5.374045,0.14,19
134919,51.467544,5.374036,0.14,19
134919,51.467544,5.374036,0.14,19
134919,51.467544,5.374036,0.14,19
134919,51.467544,5.374036,0.14,19
134919,51.467544,5.374036,0.14,19
134919,51.467544,5.374036,0.14,19
134919,51.467544,5.374036,0.14,19
134919,51.467544,5.374036,0.15,19
134919,51.467544,5.374036,0.13,19
134919,51.467544,5.374036,0.08,19
134920,51.46753,5.374021,0.09,19
134920,51.46753,5.374021,0.07,19
134920,51.46753,5.374021,0.05,19
134920,51.46753,5.374021,0.1,19
134920,51.46753,5.374021,0.09,19
134920,51.46753,5.374021,0.08,19
134920,51.46753,5.374021,0.08,19
134920,51.46753,5.374021,0.1,19
134920,51.46753,5.374021,0.09,19
134921,51.46751,5.374006,0.1,19
134921,51.46751,5.374006,0.11,19
134921,51.46751,5.374006,0.11,19
134921,51.46751,5.374006,0.09,19
134921,51.46751,5.374006,0.09,19
134921,51.46751,5.374006,0.09,19
134921,51.46751,5.374006,0.09,19
134921,51.46751,5.374006,0.08,19
134921,51.46751,5.374006,0.08,19
134921,51.46751,5.374006,0.07,19
134922,51.467493,5.373997,0.06,19
134922,51.467493,5.373997,0.06,19
134922,51.467493,5.373997,0.03,19
134922,51.467493,5.373997,0.03,19
134922,51.467493,5.373997,0.04,19
134922,51.467493,5.373997,0.03,19
134922,51.467493,5.373997,0.03,19
134922,51.467493,5.373997,0.02,19
134922,51.467493,5.373997,0.04,19
134922,51.467493,5.373997,0.03,19
134923,51.467484,5.373994,0.03,19
134923,51.467484,5.373994,0.03,19
134923,51.467484,5.373994,0.02,19
134923,51.467484,5.373994,0.04,19
134923,51.467484,5.373994,0.03,19
134923,51.467484,5.373994,0.04,19
134923,51.467484,5.373994,0.04,19
134923,51.467484,5.373994,0.03,19
134923,51.467484,5.373994,0.03,19
134923,51.467484,5.373994,0.02,19
134924,51.467477,5.373993,0.02,19
134924,51.467477,5.373993,0.03,19
134924,51.467477,5.373993,0.03,19
134924,51.467477,5.373993,0.02,19
134924,51.467477,5.373993,0.03,19
134924,51.467477,5.373993,0.02,19
134924,51.467477,5.373993,0.02,19
134924,51.467477,5.373993,0.03,19
134924,51.467477,5.373993,0.03,19
134924,51.467477,5.373993,0.02,19
134925,51.467477,5.373993,0.03,19
134925,51.467477,5.373993,0.02,19
134925,51.467477,5.373993,0.04,19
134925,51.467477,5.373993,0.02,19
134925,51.467477,5.373993,0.02,19
134925,51.467477,5.373993,0.04,19
134925,51.467477,5.373993,0.04,19
134925,51.467477,5.373993,0.05,19
134925,51.467477,5.373993,0.03,19
134925,51.467477,5.373993,0.03,19
134926,51.467477,5.373993,0.04,19
134926,51.467477,5.373993,0.03,19
134926,51.467477,5.373993,0.04,19
134926,51.467477,5.373993,0.04,19
134926,51.467477,5.373993,0.03,19
134926,51.467477,5.373993,0.04,19
134926,51.467477,5.373993,0.03,19
134926,51.467477,5.373993,0.04,19
134926,51.467477,5.373993,0.03,19
134926,51.467477,5.373993,0.04,19
134927,51.467477,5.373992,0.03,19
134927,51.467477,5.373992,0.03,19
134927,51.467477,5.373992,0.04,19
134927,51.467477,5.373992,0.03,19
134927,51.467477,5.373992,0.04,19
134927,51.467477,5.373992,0.03,19
134927,51.467477,5.373992,0.03,19
134927,51.467477,5.373992,0.04,19
134927,51.467477,5.373992,0.04,19
134927,51.467477,5.373992,0.05,19
134928,51.467477,5.373992,0.04,19
134928,51.467477,5.373992,0.05,19
134928,51.467477,5.373992,0.04,19
134928,51.467477,5.373992,0.04,19
134928,51.467477,5.373992,0.03,19
134928,51.467477,5.373992,0.03,19
134928,51.467477,5.373992,0.03,19
134928,51.467477,5.373992,0.04,19
134928,51.467477,5.373992,0.05,19
134928,51.467477,5.373992,0.04,19
134929,51.467476,5.373992,0.05,19
134929,51.467476,5.373992,0.05,19
134929,51.467476,5.373992,0.04,19
134929,51.467476,5.373992,0.05,19
134929,51.467476,5.373992,0.04,19
134929,51.467476,5.373992,0.05,19
134929,51.467476,5.373992,0.04,19
134929,51.467476,5.373992,0.04,19
134929,51.467476,5.373992,0.05,19
134929,51.467476,5.373992,0.05,19
134930,51.467476,5.373992,0.04,19
134930,51.467476,5.373992,0.05,19
134930,51.467476,5.373992,0.04,19
134930,51.467476,5.373992,0.03,19
134930,51.467476,5.373992,0.04,19
134930,51.467476,5.373992,0.04,19
134930,51.467476,5.373992,0.03,19
134930,51.467476,5.373992,0.04,19
134930,51.467476,5.373992,0.04,19
134931,51.467476,5.373992,0.04,19
134931,51.467476,5.373992,0.04,19
134931,51.467476,5.373992,0.04,19
134931,51.467476,5.373992,0.04,19
134931,51.467476,5.373992,0.05,19
134931,51.467476,5.373992,0.04,19
134931,51.467476,5.373992,0.04,19
134931,51.467476,5.373992,0.05,19
134931,51.467476,5.373992,0.05,19
134931,51.467476,5.373992,0.05,19
134932,51.467475,5.373992,0.04,19
134932,51.467475,5.373992,0.04,19
134932,51.467475,5.373992,0.05,19
134932,51.467475,5.373992,0.03,19
134932,51.467475,5.373992,0.03,19
134932,51.467475,5.373992,0.04,19
134932,51.467475,5.373992,0.03,19
134932,51.467475,5.373992,0.04,19
134932,51.467475,5.373992,0.03,19
134932,51.467475,5.373992,0.04,19
134932,51.467475,5.373992,0.03,19
134933,51.467475,5.373992,0.03,19
134933,51.467475,5.373992,0.03,19
134933,51.467475,5.373992,0.03,19
134933,51.467475,5.373992,0.03,19
134933,51.467475,5.373992,0.02,19
134933,51.467475,5.373992,0.03,19
134933,51.467475,5.373992,0.03,19
134933,51.467475,5.373992,0.03,19
134933,51.467475,5.373992,0.04,19
134933,51.467475,5.373992,0.04,19
134934,51.467474,5.373992,0.05,19
134934,51.467474,5.373992,0.04,19
134934,51.467474,5.373992,0.03,19
134934,51.467474,5.373992,0.05,19
134934,51.467474,5.373992,0.04,19
134934,51.467474,5.373992,0.04,19
134934,51.467474,5.373992,0.05,19
134934,51.467474,5.373992,0.04,19
134934,51.467474,5.373992,0.04,19
134935,51.467474,5.373991,0.03,19
134935,51.467474,5.373991,0.04,19
134935,51.467474,5.373991,0.04,19
134935,51.467474,5.373991,0.03,19
134935,51.467474,5.373991,0.04,19
134935,51.467474,5.373991,0.03,19
134935,51.467474,5.373991,0.04,19
134935,51.467474,5.373991,0.03,19
134935,51.467474,5.373991,0.03,19
134935,51.467474,5.373991,0.04,19
134936,51.467474,5.373991,0.04,19
134936,51.467474,5.373991,0.03,19
134936,51.467474,5.373991,0.03,19
134936,51.467474,5.373991,0.03,19
134936,51.467474,5.373991,0.03,19
134936,51.467474,5.373991,0.04,19
134936,51.467474,5.373991,0.04,19
134936,51.467474,5.373991,0.04,19
134936,51.467474,5.373991,0.05,19
134936,51.467474,5.373991,0.03,19
134937,51.467474,5.373991,0.05,19
134937,51.467474,5.373991,0.04,19
134937,51.467474,5.373991,0.04,19
134937,51.467474,5.373991,0.03,19
134937,51.467474,5.373991,0.03,19
134937,51.467474,5.373991,0.03,19
134937,51.467474,5.373991,0.03,19
134937,51.467474,5.373991,0.04,19
134937,51.467474,5.373991,0.03,19
134937,51.467474,5.373991,0.03,19
134938,51.467474,5.373991,0.03,19
134938,51.467474,5.373991,0.03,19
134938,51.467474,5.373991,0.04,19
134938,51.467474,5.373991,0.04,19
134938,51.467474,5.373991,0.04,19
134938,51.467474,5.373991,0.05,19
134938,51.467474,5.373991,0.03,19
134938,51.467474,5.373991,0.03,19
134938,51.467474,5.373991,0.04,19
134938,51.467474,5.373991,0.05,19
134939,51.467474,5.373991,0.04,19
134939,51.467474,5.373991,0.04,19
134939,51.467474,5.373991,0.04,19
134939,51.467474,5.373991,0.04,19
134939,51.467474,5.373991,0.03,19
134939,51.467474,5.373991,0.03,19
134939,51.467474,5.373991,0.03,19
134939,51.467474,5.373991,0.03,19
134939,51.467474,5.373991,0.04,19
134939,51.467474,5.373991,0.04,19
134940,51.467474,5.37399,0.04,19
134940,51.467474,5.37399,0.04,19
134940,51.467474,5.37399,0.03,19
134940,51.467474,5.37399,0.03,19
134940,51.467474,5.37399,0.04,19
134940,51.467474,5.37399,0.03,19
134940,51.467474,5.37399,0.04,19
134940,51.467474,5.37399,0.03,19
134940,51.467474,5.37399,0.03,19
134940,51.467474,5.37399,0.04,19
134941,51.467474,5.37399,0.04,19
134941,51.467474,5.37399,0.04,19
134941,51.467474,5.37399,0.05,19
134941,51.467474,5.37399,0.04,19
134941,51.467474,5.37399,0.05,19
134941,51.467474,5.37399,0.04,19
134941,51.467474,5.37399,0.05,19
134941,51.467474,5.37399,0.05,19
134941,51.467474,5.37399,0.04,19
134941,51.467474,5.37399,0.05,19
134942,51.467474,5.37399,0.03,19
134942,51.467474,5.37399,0.04,19
134942,51.467474,5.37399,0.02,19
134942,51.467474,5.37399,0.03,19
134942,51.467474,5.37399,0.04,19
134942,51.467474,5.37399,0.03,19
134942,51.467474,5.37399,0.03,19
134942,51.467474,5.37399,0.03,19
134942,51.467474,5.37399,0.03,19
134942,51.467474,5.37399,0.04,19
134943,51.467474,5.37399,0.04,19
134943,51.467474,5.37399,0.04,19
134943,51.467474,5.37399,0.04,19
134943,51.467474,5.37399,0.04,19
134943,51.467474,5.37399,0.03,19
134943,51.467474,5.37399,0.04,19
134943,51.467474,5.37399,0.04,19
134943,51.467474,5.37399,0.04,19
134943,51.467474,5.37399,0.04,19
134943,51.467474,5.37399,0.04,19
134944,51.467474,5.373989,0.03,19
134944,51.467474,5.373989,0.04,19
134944,51.467474,5.373989,0.03,19
134944,51.467474,5.373989,0.04,19
134944,51.467474,5.373989,0.03,19
134944,51.467474,5.373989,0.04,19
134944,51.467474,5.373989,0.03,19
134944,51.467474,5.373989,0.03,19
134944,51.467474,5.373989,0.04,19
134944,51.467474,5.373989,0.04,19
134945,51.467473,5.373989,0.04,19
134945,51.467473,5.373989,0.05,19
134945,51.467473,5.373989,0.06,19
134945,51.467473,5.373989,0.04,19
134945,51.467473,5.373989,0.05,19
134945,51.467473,5.373989,0.04,19
134945,51.467473,5.373989,0.03,19
134945,51.467473,5.373989,0.04,19
134945,51.467473,5.373989,0.04,19
134945,51.467473,5.373989,0.03,19
134946,51.467473,5.373988,0.03,19
134946,51.467473,5.373988,0.04,19
134946,51.467473,5.373988,0.03,19
134946,51.467473,5.373988,0.03,19
134946,51.467473,5.373988,0.04,19
134946,51.467473,5.373988,0.03,19
134946,51.467473,5.373988,0.05,19
134946,51.467473,5.373988,0.04,19
134946,51.467473,5.373988,0.04,19
134946,51.467473,5.373988,0.04,19
134947,51.467473,5.373988,0.03,19
134947,51.467473,5.373988,0.04,19
134947,51.467473,5.373988,0.04,19
134947,51.467473,5.373988,0.04,19
134947,51.467473,5.373988,0.03,19
134947,51.467473,5.373988,0.04,19
134947,51.467473,5.373988,0.03,19
134947,51.467473,5.373988,0.04,19
134947,51.467473,5.373988,0.03,19
134947,51.467473,5.373988,0.04,19
134948,51.467473,5.373988,0.03,19
134948,51.467473,5.373988,0.04,19
134948,51.467473,5.373988,0.05,19
134948,51.467473,5.373988,0.05,19
134948,51.467473,5.373988,0.04,19
134948,51.467473,5.373988,0.04,19
134948,51.467473,5.373988,0.03,19
134948,51.467473,5.373988,0.04,19
134948,51.467473,5.373988,0.03,19
134948,51.467473,5.373988,0.04,19
134949,51.467473,5.373988,0.03,19
134949,51.467473,5.373988,0.02,19
134949,51.467473,5.373988,0.03,19
134949,51.467473,5.373988,0.04,19
134949,51.467473,5.373988,0.03,19
134949,51.467473,5.373988,0.03,19
134949,51.467473,5.373988,0.03,19
134949,51.467473,5.373988,0.04,19
134949,51.467473,5.373988,0.04,19
134950,51.467473,5.373988,0.04,19
134950,51.467473,5.373988,0.05,19
134950,51.467473,5.373988,0.03,19
134950,51.467473,5.373988,0.04,19
134950,51.467473,5.373988,0.03,19
134950,51.467473,5.373988,0.04,19
134950,51.467473,5.373988,0.03,19
134950,51.467473,5.373988,0.04,19
134950,51.467473,5.373988,0.05,19
134950,51.467473,5.373988,0.03,19
134951,51.467473,5.373988,0.03,19
134951,51.467473,5.373988,0.03,19
134951,51.467473,5.373988,0.04,19
134951,51.467473,5.373988,0.04,19
134951,51.467473,5.373988,0.03,19
134951,51.467473,5.373988,0.03,19
134951,51.467473,5.373988,0.03,19
134951,51.467473,5.373988,0.04,19
134951,51.467473,5.373988,0.04,19
134951,51.467473,5.373988,0.04,19
134952,51.467473,5.373988,0.04,19
134952,51.467473,5.373988,0.04,19
134952,51.467473,5.373988,0.03,19
134952,51.467473,5.373988,0.03,19
134952,51.467473,5.373988,0.03,19
134952,51.467473,5.373988,0.03,19
134952,51.467473,5.373988,0.03,19
134952,51.467473,5.373988,0.03,19
134952,51.467473,5.373988,0.03,19
134952,51.467473,5.373988,0.03,19
134953,51.467473,5.373987,0.03,19
134953,51.467473,5.373987,0.03,19
134953,51.467473,5.373987,0.03,19
134953,51.467473,5.373987,0.04,19
134953,51.467473,5.373987,0.04,19
134953,51.467473,5.373987,0.03,19
134953,51.467473,5.373987,0.03,19
134953,51.467473,5.373987,0.03,19
134953,51.467473,5.373987,0.04,19
134953,51.467473,5.373987,0.04,19
134954,51.467473,5.373987,0.04,19
134954,51.467473,5.373987,0.03,19
134954,51.467473,5.373987,0.04,19
134954,51.467473,5.373987,0.03,19
134954,51.467473,5.373987,0.03,19
134954,51.467473,5.373987,0.04,19
134954,51.467473,5.373987,0.03,19
134954,51.467473,5.373987,0.04,19
134954,51.467473,5.373987,0.04,19
134954,51.467473,5.373987,0.03,19
134955,51.467473,5.373987,0.03,19
134955,51.467473,5.373987,0.04,19
134955,51.467473,5.373987,0.03,19
134955,51.467473,5.373987,0.04,19
134955,51.467473,5.373987,0.03,19
134955,51.467473,5.373987,0.04,19
134955,51.467473,5.373987,0.03,19
134955,51.467473,5.373987,0.04,19
134955,51.467473,5.373987,0.04,19
134955,51.467473,5.373987,0.04,19
134956,51.467473,5.373987,0.03,19
134956,51.467473,5.373987,0.04,19
134956,51.467473,5.373987,0.03,19
134956,51.467473,5.373987,0.03,19
134956,51.467473,5.373987,0.04,19
134956,51.467473,5.373987,0.04,19
134956,51.467473,5.373987,0.03,19
134956,51.467473,5.373987,0.02,19
134956,51.467473,5.373987,0.04,19
134956,51.467473,5.373987,0.05,19
134957,51.467473,5.373987,0.04,19
134957,51.467473,5.373987,0.05,19
134957,51.467473,5.373987,0.05,19
134957,51.467473,5.373987,0.05,19
134957,51.467473,5.373987,0.04,19
134957,51.467473,5.373987,0.03,19
134957,51.467473,5.373987,0.03,19
134957,51.467473,5.373987,0.04,19
134957,51.467473,5.373987,0.03,19
134957,51.467473,5.373987,0.03,19
134958,51.467473,5.373986,0.04,19
134958,51.467473,5.373986,0.03,19
134958,51.467473,5.373986,0.04,19
134958,51.467473,5.373986,0.05,19
134958,51.467473,5.373986,0.04,19
134958,51.467473,5.373986,0.04,19
134958,51.467473,5.373986,0.04,19
134958,51.467473,5.373986,0.03,19
134958,51.467473,5.373986,0.03,19
134958,51.467473,5.373986,0.04,19
134959,51.467474,5.373986,0.03,19
134959,51.467474,5.373986,0.03,19
134959,51.467474,5.373986,0.04,19
134959,51.467474,5.373986,0.04,19
134959,51.467474,5.373986,0.03,19
134959,51.467474,5.373986,0.04,19
134959,51.467474,5.373986,0.03,19
134959,51.467474,5.373986,0.04,19
134959,51.467474,5.373986,0.03,19
134959,51.467474,5.373986,0.02,19
135000,51.467474,5.373986,0.03,19
135000,51.467474,5.373986,0.03,19
135000,51.467474,5.373986,0.03,19
135000,51.467474,5.373986,0.04,19
135000,51.467474,5.373986,0.04,19
135000,51.467474,5.373986,0.03,19
135000,51.467474,5.373986,0.04,19
135000,51.467474,5.373986,0.03,19
135000,51.467474,5.373986,0.03,19
135000,51.467474,5.373986,0.04,19
135001,51.467474,5.373986,0.03,19
135001,51.467474,5.373986,0.05,19
135001,51.467474,5.373986,0.03,19
135001,51.467474,5.373986,0.04,19
135001,51.467474,5.373986,0.04,19
135001,51.467474,5.373986,0.04,19
135001,51.467474,5.373986,0.05,19
135001,51.467474,5.373986,0.04,19
135001,51.467474,5.373986,0.04,19
135001,51.467474,5.373986,0.03,19
135002,51.467473,5.373986,0.05,19
135002,51.467473,5.373986,0.03,19
135002,51.467473,5.373986,0.05,19
135002,51.467473,5.373986,0.04,19
135002,51.467473,5.373986,0.03,19
135002,51.467473,5.373986,0.03,19
135002,51.467473,5.373986,0.02,19
135002,51.467473,5.373986,0.03,19
135002,51.467473,5.373986,0.04,19
135003,51.467473,5.373986,0.03,19
135003,51.467473,5.373986,0.04,19
135003,51.467473,5.373986,0.05,19
135003,51.467473,5.373986,0.04,19
135003,51.467473,5.373986,0.03,19
135003,51.467473,5.373986,0.04,19
135003,51.467473,5.373986,0.06,19
135003,51.467473,5.373986,0.06,19
135003,51.467473,5.373986,0.05,19
135003,51.467473,5.373986,0.07,19
135004,51.467473,5.373986,0.07,19
135004,51.467473,5.373986,0.08,19
135004,51.467473,5.373986,0.08,19
135004,51.467473,5.373986,0.09,19
135004,51.467473,5.373986,0.1,19
135004,51.467473,5.373986,0.1,19
135004,51.467473,5.373986,0.13,19
135004,51.467473,5.373986,0.12,19
135004,51.467473,5.373986,0.09,19
135004,51.467473,5.373986,0.09,19
135004,51.467473,5.373986,0.11,19
135005,51.467469,5.373986,0.12,19
135005,51.467469,5.373986,0.12,19
135005,51.467469,5.373986,0.12,19
135005,51.467469,5.373986,0.12,19
135005,51.467469,5.373986,0.12,19
135005,51.467469,5.373986,0.13,19
135005,51.467469,5.373986,0.1,19
135005,51.467469,5.373986,0.11,19
135005,51.467469,5.373986,0.12,19
135005,51.467469,5.373986,0.12,19
135006,51.46746,5.373986,0.1,19
135006,51.46746,5.373986,0.1,19
135006,51.46746,5.373986,0.1,19
135006,51.46746,5.373986,0.11,19
135006,51.46746,5.373986,0.1,19
135006,51.46746,5.373986,0.11,19
135006,51.46746,5.373986,0.1,19
135006,51.46746,5.373986,0.04,19
135006,51.46746,5.373986,0.04,19
135006,51.46746,5.373986,0.05,19
135007,51.467443,5.373987,0.06,19
135007,51.467443,5.373987,0.02,19
135007,51.467443,5.373987,0.02,19
135007,51.467443,5.373987,0.03,19
135007,51.467443,5.373987,0.05,19
135007,51.467443,5.373987,0.05,19
135007,51.467443,5.373987,0.06,19
135007,51.467443,5.373987,0.1,19
135007,51.467443,5.373987,0.09,19
135007,51.467443,5.373987,0.08,19
135008,51.467425,5.373988,0.06,19
135008,51.467425,5.373988,0.05,19
135008,51.467425,5.373988,0.07,19
135008,51.467425,5.373988,0.07,19
135008,51.467425,5.373988,0.04,19
135008,51.467425,5.373988,0.04,19
135008,51.467425,5.373988,0.03,19
135008,51.467425,5.373988,0.06,19
135008,51.467425,5.373988,0.06,19
135009,51.467411,5.373989,0.06,19
135009,51.467411,5.373989,0.04,19
135009,51.467411,5.373989,0.05,19
135009,51.467411,5.373989,0.05,19
135009,51.467411,5.373989,0.05,19
135009,51.467411,5.373989,0.06,19
135009,51.467411,5.373989,0.05,19
135009,51.467411,5.373989,0.05,19
135009,51.467411,5.373989,0.06,19
135009,51.467411,5.373989,0.04,19
135010,51.467404,5.37399,0.04,19
135010,51.467404,5.37399,0.05,19
135010,51.467404,5.37399,0.09,19
135010,51.467404,5.37399,0.11,19
135010,51.467404,5.37399,0.11,19
135010,51.467404,5.37399,0.11,19
135010,51.467404,5.37399,0.1,19
135010,51.467404,5.37399,0.05,19
135010,51.467404,5.37399,0.04,19
135010,51.467404,5.37399,0.04,19
135011,51.467404,5.37399,0.04,19
135011,51.467404,5.37399,0.05,19
135011,51.467404,5.37399,0.04,19
135011,51.467404,5.37399,0.04,19
135011,51.467404,5.37399,0.04,19
135011,51.467404,5.37399,0.05,19
135011,51.467404,5.37399,0.05,19
135011,51.467404,5.37399,0.05,19
135011,51.467404,5.37399,0.05,19
135011,51.467404,5.37399,0.05,19
135012,51.467404,5.37399,0.05,19
135012,51.467404,5.37399,0.04,19
135012,51.467404,5.37399,0.05,19
135012,51.467404,5.37399,0.04,19
135012,51.467404,5.37399,0.05,19
135012,51.467404,5.37399,0.04,19
135012,51.467404,5.37399,0.04,19
135012,51.467404,5.37399,0.04,19
135012,51.467404,5.37399,0.04,19
135012,51.467404,5.37399,0.04,19
135013,51.467404,5.37399,0.04,20
135013,51.467404,5.37399,0.04,20
135013,51.467404,5.37399,0.04,20
135013,51.467404,5.37399,0.04,20
135013,51.467404,5.37399,0.05,20
135013,51.467404,5.37399,0.04,20
135013,51.467404,5.37399,0.04,20
135013,51.467404,5.37399,0.04,20
135013,51.467404,5.37399,0.04,20
135013,51.467404,5.37399,0.05,20
135014,51.467404,5.37399,0.04,20
135014,51.467404,5.37399,0.05,20
135014,51.467404,5.37399,0.05,20
135014,51.467404,5.37399,0.05,20
135014,51.467404,5.37399,0.05,20
135014,51.467404,5.37399,0.05,20
135014,51.467404,5.37399,0.05,20
135014,51.467404,5.37399,0.06,20
135014,51.467404,5.37399,0.05,20
135014,51.467404,5.37399,0.05,20
135015,51.467404,5.373991,0.04,20
135015,51.467404,5.373991,0.05,20
135015,51.467404,5.373991,0.05,20
135015,51.467404,5.373991,0.04,20
135015,51.467404,5.373991,0.05,20
135015,51.467404,5.373991,0.04,20
135015,51.467404,5.373991,0.04,20
135015,51.467404,5.373991,0.04,20
135015,51.467404,5.373991,0.04,20
135015,51.467404,5.373991,0.04,20
135016,51.467404,5.373991,0.04,20
135016,51.467404,5.373991,0.04,20
135016,51.467404,5.373991,0.03,20
135016,51.467404,5.373991,0.05,20
135016,51.467404,5.373991,0.05,20
135016,51.467404,5.373991,0.03,20
135016,51.467404,5.373991,0.04,20
135016,51.467404,5.373991,0.04,20
135016,51.467404,5.373991,0.04,20
135016,51.467404,5.373991,0.04,20
135017,51.467404,5.373991,0.05,20
135017,51.467404,5.373991,0.05,20
135017,51.467404,5.373991,0.05,20
135017,51.467404,5.373991,0.05,20
135017,51.467404,5.373991,0.05,20
135017,51.467404,5.373991,0.04,20
135017,51.467404,5.373991,0.06,20
135017,51.467404,5.373991,0.05,20
135017,51.467404,5.373991,0.05,20
135017,51.467404,5.373991,0.04,20
135018,51.467404,5.373991,0.05,20
135018,51.467404,5.373991,0.05,20
135018,51.467404,5.373991,0.05,20
135018,51.467404,5.373991,0.04,20
135018,51.467404,5.373991,0.04,20
135018,51.467404,5.373991,0.04,20
135018,51.467404,5.373991,0.05,20
135018,51.467404,5.373991,0.05,20
135018,51.467404,5.373991,0.05,20
135018,51.467404,5.373991,0.05,20
135019,51.467404,5.373992,0.04,20
135019,51.467404,5.373992,0.04,20
135019,51.467404,5.373992,0.03,20
135019,51.467404,5.373992,0.03,20
135019,51.467404,5.373992,0.04,20
135019,51.467404,5.373992,0.04,20
135019,51.467404,5.373992,0.04,20
135019,51.467404,5.373992,0.04,20
135019,51.467404,5.373992,0.04,20
135019,51.467404,5.373992,0.04,20
135020,51.467404,5.373992,0.04,20
135020,51.467404,5.373992,0.05,20
135020,51.467404,5.373992,0.04,20
135020,51.467404,5.373992,0.04,20
135020,51.467404,5.373992,0.04,20
135020,51.467404,5.373992,0.03,20
135020,51.467404,5.373992,0.04,20
135020,51.467404,5.373992,0.04,20
135020,51.467404,5.373992,0.05,20
135020,51.467404,5.373992,0.04,20
135021,51.467404,5.373992,0.05,20
135021,51.467404,5.373992,0.06,20
135021,51.467404,5.373992,0.05,20
135021,51.467404,5.373992,0.05,20
135021,51.467404,5.373992,0.04,20
135021,51.467404,5.373992,0.04,20
135021,51.467404,5.373992,0.05,20
135021,51.467404,5.373992,0.05,20
135021,51.467404,5.373992,0.04,20
135021,51.467404,5.373992,0.03,20
135022,51.467404,5.373993,0.04,20
135022,51.467404,5.373993,0.04,20
135022,51.467404,5.373993,0.05,20
135022,51.467404,5.373993,0.05,20
135022,51.467404,5.373993,0.06,20
135022,51.467404,5.373993,0.05,20
135022,51.467404,5.373993,0.04,20
135022,51.467404,5.373993,0.04,20
135022,51.467404,5.373993,0.03,20
135022,51.467404,5.373993,0.04,20
135023,51.467404,5.373993,0.04,20
135023,51.467404,5.373993,0.04,20
135023,51.467404,5.373993,0.04,20
135023,51.467404,5.373993,0.04,20
135023,51.467404,5.373993,0.04,20
135023,51.467404,5.373993,0.04,20
135023,51.467404,5.373993,0.04,20
135023,51.467404,5.373993,0.05,20
135023,51.467404,5.373993,0.04,20
135024,51.467404,5.373993,0.04,20
135024,51.467404,5.373993,0.03,20
135024,51.467404,5.373993,0.04,20
135024,51.467404,5.373993,0.05,20
135024,51.467404,5.373993,0.04,20
135024,51.467404,5.373993,0.05,20
135024,51.467404,5.373993,0.04,20
135024,51.467404,5.373993,0.05,20
135024,51.467404,5.373993,0.05,20
135024,51.467404,5.373993,0.04,20
135025,51.467404,5.373993,0.03,20
135025,51.467404,5.373993,0.05,20
135025,51.467404,5.373993,0.04,20
135025,51.467404,5.373993,0.04,20
135025,51.467404,5.373993,0.04,20
135025,51.467404,5.373993,0.03,20
135025,51.467404,5.373993,0.04,20
135025,51.467404,5.373993,0.05,20
135025,51.467404,5.373993,0.05,20
135025,51.467404,5.373993,0.04,20
135026,51.467404,5.373993,0.05,20
135026,51.467404,5.373993,0.04,20
135026,51.467404,5.373993,0.04,20
135026,51.467404,5.373993,0.06,20
135026,51.467404,5.373993,0.05,20
135026,51.467404,5.373993,0.05,20
135026,51.467404,5.373993,0.04,20
135026,51.467404,5.373993,0.04,20
135026,51.467404,5.373993,0.05,20
135026,51.467404,5.373993,0.04,20
135027,51.467404,5.373993,0.04,19
135027,51.467404,5.373993,0.04,19
135027,51.467404,5.373993,0.04,19
135027,51.467404,5.373993,0.04,19
135027,51.467404,5.373993,0.04,19
135027,51.467404,5.373993,0.04,19
135027,51.467404,5.373993,0.04,19
135027,51.467404,5.373993,0.05,19
135027,51.467404,5.373993,0.05,19
135027,51.467404,5.373993,0.04,19
135028,51.467404,5.373993,0.04,19
135028,51.467404,5.373993,0.03,19
135028,51.467404,5.373993,0.04,19
135028,51.467404,5.373993,0.04,19
135028,51.467404,5.373993,0.04,19
135028,51.467404,5.373993,0.04,19
135028,51.467404,5.373993,0.06,19
135028,51.467404,5.373993,0.05,19
135028,51.467404,5.373993,0.05,19
135028,51.467404,5.373993,0.04,19
135029,51.467404,5.373993,0.05,19
135029,51.467404,5.373993,0.04,19
135029,51.467404,5.373993,0.04,19
135029,51.467404,5.373993,0.04,19
135029,51.467404,5.373993,0.03,19
135029,51.467404,5.373993,0.03,19
135029,51.467404,5.373993,0.03,19
135029,51.467404,5.373993,0.04,19
135029,51.467404,5.373993,0.04,19
135029,51.467404,5.373993,0.05,19
135030,51.467404,5.373992,0.04,19
135030,51.467404,5.373992,0.04,19
135030,51.467404,5.373992,0.04,19
135030,51.467404,5.373992,0.05,19
135030,51.467404,5.373992,0.05,19
135030,51.467404,5.373992,0.04,19
135030,51.467404,5.373992,0.05,19
135030,51.467404,5.373992,0.04,19
135030,51.467404,5.373992,0.04,19
135030,51.467404,5.373992,0.04,19
135031,51.467404,5.373992,0.04,19
135031,51.467404,5.373992,0.04,19
135031,51.467404,5.373992,0.03,19
135031,51.467404,5.373992,0.04,19
135031,51.467404,5.373992,0.04,19
135031,51.467404,5.373992,0.04,19
135031,51.467404,5.373992,0.04,19
135031,51.467404,5.373992,0.04,19
135031,51.467404,5.373992,0.04,19
135031,51.467404,5.373992,0.05,19
135032,51.467404,5.373992,0.04,19
135032,51.467404,5.373992,0.03,19
135032,51.467404,5.373992,0.04,19
135032,51.467404,5.373992,0.05,19
135032,51.467404,5.373992,0.05,19
135032,51.467404,5.373992,0.05,19
135032,51.467404,5.373992,0.04,19
135032,51.467404,5.373992,0.04,19
135032,51.467404,5.373992,0.05,19
135032,51.467404,5.373992,0.05,19
135033,51.467404,5.373993,0.04,19
135033,51.467404,5.373993,0.05,19
135033,51.467404,5.373993,0.04,19
135033,51.467404,5.373993,0.04,19
135033,51.467404,5.373993,0.03,19
135033,51.467404,5.373993,0.03,19
135033,51.467404,5.373993,0.04,19
135033,51.467404,5.373993,0.04,19
135033,51.467404,5.373993,0.05,19
135033,51.467404,5.373993,0.04,19
135034,51.467405,5.373993,0.04,19
135034,51.467405,5.373993,0.03,19
135034,51.467405,5.373993,0.03,19
135034,51.467405,5.373993,0.04,19
135034,51.467405,5.373993,0.04,19
135034,51.467405,5.373993,0.04,19
135034,51.467405,5.373993,0.04,19
135034,51.467405,5.373993,0.04,19
135034,51.467405,5.373993,0.05,19
135034,51.467405,5.373993,0.05,19
135035,51.467405,5.373993,0.04,19
135035,51.467405,5.373993,0.04,19
135035,51.467405,5.373993,0.04,19
135035,51.467405,5.373993,0.04,19
135035,51.467405,5.373993,0.04,19
135035,51.467405,5.373993,0.04,19
135035,51.467405,5.373993,0.05,19
135035,51.467405,5.373993,0.05,19
135035,51.467405,5.373993,0.05,19
135035,51.467405,5.373993,0.04,19
135036,51.467405,5.373993,0.03,19
135036,51.467405,5.373993,0.04,19
135036,51.467405,5.373993,0.04,19
135036,51.467405,5.373993,0.04,19
135036,51.467405,5.373993,0.05,19
135036,51.467405,5.373993,0.04,19
135036,51.467405,5.373993,0.05,19
135036,51.467405,5.373993,0.04,19
135036,51.467405,5.373993,0.05,19
135036,51.467405,5.373993,0.05,19
135037,51.467405,5.373993,0.05,19
135037,51.467405,5.373993,0.04,19
135037,51.467405,5.373993,0.04,19
135037,51.467405,5.373993,0.04,19
135037,51.467405,5.373993,0.05,19
135037,51.467405,5.373993,0.04,19
135037,51.467405,5.373993,0.04,19
135037,51.467405,5.373993,0.04,19
135037,51.467405,5.373993,0.02,19
135038,51.467405,5.373992,0.04,19
135038,51.467405,5.373992,0.04,19
135038,51.467405,5.373992,0.04,19
135038,51.467405,5.373992,0.04,19
135038,51.467405,5.373992,0.05,19
135038,51.467405,5.373992,0.05,19
135038,51.467405,5.373992,0.05,19
135038,51.467405,5.373992,0.04,19
135038,51.467405,5.373992,0.05,19
135038,51.467405,5.373992,0.05,19
135038,51.467405,5.373992,0.04,19
135039,51.467404,5.373992,0.04,19
135039,51.467404,5.373992,0.04,19
135039,51.467404,5.373992,0.04,19
135039,51.467404,5.373992,0.05,19
135039,51.467404,5.373992,0.04,19
135039,51.467404,5.373992,0.05,19
135039,51.467404,5.373992,0.05,19
135039,51.467404,5.373992,0.03,19
135039,51.467404,5.373992,0.04,19
135040,51.467404,5.373992,0.04,19
135040,51.467404,5.373992,0.05,19
135040,51.467404,5.373992,0.04,19
135040,51.467404,5.373992,0.05,19
135040,51.467404,5.373992,0.04,19
135040,51.467404,5.373992,0.04,19
135040,51.467404,5.373992,0.05,19
135040,51.467404,5.373992,0.05,19
135040,51.467404,5.373992,0.04,19
135040,51.467404,5.373992,0.03,19
135041,51.467404,5.373992,0.04,19
135041,51.467404,5.373992,0.05,19
135041,51.467404,5.373992,0.04,19
135041,51.467404,5.373992,0.04,19
135041,51.467404,5.373992,0.05,19
135041,51.467404,5.373992,0.05,19
135041,51.467404,5.373992,0.04,19
135041,51.467404,5.373992,0.05,19
135041,51.467404,5.373992,0.04,19
135041,51.467404,5.373992,0.04,19
135042,51.467404,5.373992,0.05,20
135042,51.467404,5.373992,0.04,20
135042,51.467404,5.373992,0.05,20
135042,51.467404,5.373992,0.04,20
135042,51.467404,5.373992,0.04,20
135042,51.467404,5.373992,0.04,20
135042,51.467404,5.373992,0.05,20
135042,51.467404,5.373992,0.04,20
135042,51.467404,5.373992,0.04,20
135042,51.467404,5.373992,0.05,20
135043,51.467404,5.373992,0.04,20
135043,51.467404,5.373992,0.04,20
135043,51.467404,5.373992,0.04,20
135043,51.467404,5.373992,0.04,20
135043,51.467404,5.373992,0.04,20
135043,51.467404,5.373992,0.04,20
135043,51.467404,5.373992,0.04,20
135043,51.467404,5.373992,0.04,20
135043,51.467404,5.373992,0.05,20
135043,51.467404,5.373992,0.05,20
135044,51.467404,5.373991,0.05,20
135044,51.467404,5.373991,0.03,20
135044,51.467404,5.373991,0.04,20
135044,51.467404,5.373991,0.04,20
135044,51.467404,5.373991,0.04,20
135044,51.467404,5.373991,0.04,20
135044,51.467404,5.373991,0.03,20
135044,51.467404,5.373991,0.04,20
135044,51.467404,5.373991,0.04,20
135044,51.467404,5.373991,0.04,20
135045,51.467404,5.373991,0.06,20
135045,51.467404,5.373991,0.05,20
135045,51.467404,5.373991,0.05,20
135045,51.467404,5.373991,0.05,20
135045,51.467404,5.373991,0.04,20
135045,51.467404,5.373991,0.04,20
135045,51.467404,5.373991,0.04,20
135045,51.467404,5.373991,0.04,20
135045,51.467404,5.373991,0.04,20
135045,51.467404,5.373991,0.05,20
135046,51.467404,5.373991,0.05,20
135046,51.467404,5.373991,0.05,20
135046,51.467404,5.373991,0.05,20
135046,51.467404,5.373991,0.05,20
135046,51.467404,5.373991,0.05,20
135046,51.467404,5.373991,0.04,20
135046,51.467404,5.373991,0.04,20
135046,51.467404,5.373991,0.04,20
135046,51.467404,5.373991,0.04,20
135046,51.467404,5.373991,0.04,20
135047,51.467404,5.373991,0.04,19
135047,51.467404,5.373991,0.04,19
135047,51.467404,5.373991,0.05,19
135047,51.467404,5.373991,0.04,19
135047,51.467404,5.373991,0.05,19
135047,51.467404,5.373991,0.05,19
135047,51.467404,5.373991,0.03,19
135047,51.467404,5.373991,0.04,19
135047,51.467404,5.373991,0.05,19
135047,51.467404,5.373991,0.05,19
135048,51.467404,5.373991,0.04,20
135048,51.467404,5.373991,0.04,20
135048,51.467404,5.373991,0.04,20
135048,51.467404,5.373991,0.04,20
135048,51.467404,5.373991,0.04,20
135048,51.467404,5.373991,0.04,20
135048,51.467404,5.373991,0.04,20
135048,51.467404,5.373991,0.04,20
135048,51.467404,5.373991,0.04,20
135048,51.467404,5.373991,0.04,20
135049,51.467404,5.373991,0.03,20
135049,51.467404,5.373991,0.04,20
135049,51.467404,5.373991,0.04,20
135049,51.467404,5.373991,0.05,20
135049,51.467404,5.373991,0.04,20
135049,51.467404,5.373991,0.04,20
135049,51.467404,5.373991,0.05,20
135049,51.467404,5.373991,0.06,20
135049,51.467404,5.373991,0.05,20
135049,51.467404,5.373991,0.05,20
135050,51.467404,5.37399,0.05,19
135050,51.467404,5.37399,0.04,19
135050,51.467404,5.37399,0.04,19
135050,51.467404,5.37399,0.03,19
135050,51.467404,5.37399,0.04,19
135050,51.467404,5.37399,0.04,19
135050,51.467404,5.37399,0.04,19
135050,51.467404,5.37399,0.04,19
135050,51.467404,5.37399,0.05,19
135050,51.467404,5.37399,0.04,19
135051,51.467404,5.37399,0.04,19
135051,51.467404,5.37399,0.04,19
135051,51.467404,5.37399,0.05,19
135051,51.467404,5.37399,0.05,19
135051,51.467404,5.37399,0.04,19
135051,51.467404,5.37399,0.04,19
135051,51.467404,5.37399,0.05,19
135051,51.467404,5.37399,0.04,19
135051,51.467404,5.37399,0.04,19
135052,51.467404,5.37399,0.04,19
135052,51.467404,5.37399,0.04,19
135052,51.467404,5.37399,0.04,19
135052,51.467404,5.37399,0.05,19
135052,51.467404,5.37399,0.04,19
135052,51.467404,5.37399,0.05,19
135052,51.467404,5.37399,0.04,19
135052,51.467404,5.37399,0.04,19
135052,51.467404,5.37399,0.04,19
135052,51.467404,5.37399,0.05,19
135052,51.467404,5.37399,0.05,19
135053,51.467404,5.37399,0.04,19
135053,51.467404,5.37399,0.03,19
135053,51.467404,5.37399,0.03,19
135053,51.467404,5.37399,0.04,19
135053,51.467404,5.37399,0.04,19
135053,51.467404,5.37399,0.05,19
135053,51.467404,5.37399,0.04,19
135053,51.467404,5.37399,0.05,19
135053,51.467404,5.37399,0.05,19
135053,51.467404,5.37399,0.05,19
135054,51.467404,5.37399,0.05,19
135054,51.467404,5.37399,0.05,19
135054,51.467404,5.37399,0.05,19
135054,51.467404,5.37399,0.04,19
135054,51.467404,5.37399,0.04,19
135054,51.467404,5.37399,0.05,19
135054,51.467404,5.37399,0.04,19
135054,51.467404,5.37399,0.05,19
135054,51.467404,5.37399,0.04,19
135054,51.467404,5.37399,0.05,19
135055,51.467404,5.37399,0.05,19
135055,51.467404,5.37399,0.04,19
135055,51.467404,5.37399,0.05,19
135055,51.467404,5.37399,0.04,19
135055,51.467404,5.37399,0.05,19
135055,51.467404,5.37399,0.05,19
135055,51.467404,5.37399,0.02,19
135055,51.467404,5.37399,0.02,19
135055,51.467404,5.37399,0.03,19
135056,51.467404,5.37399,0.05,20
135056,51.467404,5.37399,0.04,20
135056,51.467404,5.37399,0.05,20
135056,51.467404,5.37399,0.07,20
135056,51.467404,5.37399,0.04,20
135056,51.467404,5.37399,0.02,20
135056,51.467404,5.37399,0.02,20
135056,51.467404,5.37399,0.03,20
135056,51.467404,5.37399,0.04,20
135056,51.467404,5.37399,0.06,20
135057,51.467404,5.37399,0.04,20
135057,51.467404,5.37399,0.06,20
135057,51.467404,5.37399,0.06,20
135057,51.467404,5.37399,0.06,20
135057,51.467404,5.37399,0.06,20
135057,51.467404,5.37399,0.06,20
135057,51.467404,5.37399,0.05,20
135057,51.467404,5.37399,0.03,20
135057,51.467404,5.37399,0.04,20
135057,51.467404,5.37399,0.04,20
135058,51.467404,5.373989,0.02,20
135058,51.467404,5.373989,0.01,20
135058,51.467404,5.373989,0.05,20
135058,51.467404,5.373989,0.04,20
135058,51.467404,5.373989,0.07,20
135058,51.467404,5.373989,0.08,20
135058,51.467404,5.373989,0.07,20
135058,51.467404,5.373989,0.03,20
135058,51.467404,5.373989,0.07,20
135058,51.467404,5.373989,0.04,20
135059,51.467405,5.373989,0.04,19
135059,51.467405,5.373989,0.08,19
135059,51.467405,5.373989,0.07,19
135059,51.467405,5.373989,0.03,19
135059,51.467405,5.373989,0.06,19
135059,51.467405,5.373989,0.05,19
135059,51.467405,5.373989,0.03,19
135059,51.467405,5.373989,0.06,19
135059,51.467405,5.373989,0.08,19
135059,51.467405,5.373989,0.02,19
135100,51.467405,5.373989,0.07,19
135100,51.467405,5.373989,0.04,19
135100,51.467405,5.373989,0.2,19
135100,51.467405,5.373989,0.16,19
135100,51.467405,5.373989,0.22,19
135100,51.467405,5.373989,0.22,19
135100,51.467405,5.373989,0.24,19
135100,51.467405,5.373989,0.25,19
135100,51.467405,5.373989,0.21,19
135100,51.467405,5.373989,0.28,19
135101,51.4674,5.373989,0.32,19
135101,51.4674,5.373989,0.29,19
135101,51.4674,5.373989,0.32,19
135101,51.4674,5.373989,0.38,19
135101,51.4674,5.373989,0.31,19
135101,51.4674,5.373989,0.3,19
135101,51.4674,5.373989,0.3,19
135101,51.4674,5.373989,0.34,19
135101,51.4674,5.373989,0.34,19
135101,51.4674,5.373989,0.36,19
135102,51.467381,5.373992,0.35,19
135102,51.467381,5.373992,0.31,19
135102,51.467381,5.373992,0.34,19
135102,51.467381,5.373992,0.34,19
135102,51.467381,5.373992,0.36,19
135102,51.467381,5.373992,0.4,19
135102,51.467381,5.373992,0.23,19
135102,51.467381,5.373992,0.26,19
135102,51.467381,5.373992,0.29,19
135102,51.467381,5.373992,0.22,19
135103,51.467337,5.373988,0.24,19
135103,51.467337,5.373988,0.31,19
135103,51.467337,5.373988,0.25,19
135103,51.467337,5.373988,0.27,19
135103,51.467337,5.373988,0.25,19
135103,51.467337,5.373988,0.24,19
135103,51.467337,5.373988,0.28,19
135103,51.467337,5.373988,0.28,19
135103,51.467337,5.373988,0.24,19
135103,51.467337,5.373988,0.22,19
135104,51.467275,5.373967,0.25,19
135104,51.467275,5.373967,0.23,19
135104,51.467275,5.373967,0.29,19
135104,51.467275,5.373967,0.25,19
135104,51.467275,5.373967,0.1,19
135104,51.467275,5.373967,0.08,19
135104,51.467275,5.373967,0.09,19
135104,51.467275,5.373967,0.12,19
135104,51.467275,5.373967,0.13,19
135104,51.467275,5.373967,0.15,19
135105,51.467206,5.373923,0.14,19
135105,51.467206,5.373923,0.2,19
135105,51.467206,5.373923,0.21,19
135105,51.467206,5.373923,0.2,19
135105,51.467206,5.373923,0.41,19
135105,51.467206,5.373923,0.36,19
135105,51.467206,5.373923,0.37,19
135105,51.467206,5.373923,0.39,19
135105,51.467206,5.373923,0.4,19
135105,51.467206,5.373923,0.37,19
135106,51.467127,5.373842,0.38,19
135106,51.467127,5.373842,0.39,19
135106,51.467127,5.373842,0.42,19
135106,51.467127,5.373842,0.46,19
135106,51.467127,5.373842,0.44,19
135106,51.467127,5.373842,0.41,19
135106,51.467127,5.373842,0.46,19
135106,51.467127,5.373842,0.41,19
135106,51.467127,5.373842,0.47,19
135106,51.467127,5.373842,0.43,19
135107,51.467053,5.373719,0.42,19
135107,51.467053,5.373719,0.37,19
135107,51.467053,5.373719,0.36,19
135107,51.467053,5.373719,0.27,19
135107,51.467053,5.373719,0.22,19
135107,51.467053,5.373719,0.15,19
135107,51.467053,5.373719,0.16,19
135107,51.467053,5.373719,0.25,19
135107,51.467053,5.373719,0.23,19
135107,51.467053,5.373719,0.34,19
135108,51.467013,5.373544,0.35,19
135108,51.467013,5.373544,0.41,19
135108,51.467013,5.373544,0.43,19
135108,51.467013,5.373544,0.4,19
135108,51.467013,5.373544,0.38,19
135108,51.467013,5.373544,0.4,19
135108,51.467013,5.373544,0.35,19
135108,51.467013,5.373544,0.52,19
135108,51.467013,5.373544,0.42,19
135108,51.467013,5.373544,0.36,19
135109,51.466982,5.373382,0.48,19
135109,51.466982,5.373382,0.46,19
135109,51.466982,5.373382,0.39,19
135109,51.466982,5.373382,0.46,19
135109,51.466982,5.373382,0.59,19
135109,51.466982,5.373382,0.51,19
135109,51.466982,5.373382,0.47,19
135109,51.466982,5.373382,0.49,19
135109,51.466982,5.373382,0.34,19
135109,51.466982,5.373382,0.32,19
135110,51.466937,5.373264,0.37,19
135110,51.466937,5.373264,0.37,19
135110,51.466937,5.373264,0.37,19
135110,51.466937,5.373264,0.34,19
135110,51.466937,5.373264,0.35,19
135110,51.466937,5.373264,0.36,19
135110,51.466937,5.373264,0.33,19
135110,51.466937,5.373264,0.18,19
135110,51.466937,5.373264,0.25,19
135110,51.466937,5.373264,0.3,19
135111,51.466863,5.373162,0.3,19
135111,51.466863,5.373162,0.3,19
135111,51.466863,5.373162,0.22,19
135111,51.466863,5.373162,0.3,19
135111,51.466863,5.373162,0.26,19
135111,51.466863,5.373162,0.26,19
135111,51.466863,5.373162,0.22,19
135111,51.466863,5.373162,0.15,19
135111,51.466863,5.373162,0.5,19
135112,51.466766,5.373043,0.26,19
135112,51.466766,5.373043,0.2,19
135112,51.466766,5.373043,0.38,19
135112,51.466766,5.373043,0.41,19
135112,51.466766,5.373043,0.32,19
135112,51.466766,5.373043,0.47,19
135112,51.466766,5.373043,0.33,19
135112,51.466766,5.373043,0.29,19
135112,51.466766,5.373043,0.27,19
135112,51.466766,5.373043,0.3,19
135113,51.466664,5.372923,0.37,19
135113,51.466664,5.372923,0.4,19
135113,51.466664,5.372923,0.3,19
135113,51.466664,5.372923,0.38,19
135113,51.466664,5.372923,0.34,19
135113,51.466664,5.372923,0.34,19
135113,51.466664,5.372923,0.41,19
135113,51.466664,5.372923,0.41,19
135113,51.466664,5.372923,0.41,19
135113,51.466664,5.372923,0.47,19
135114,51.46657,5.37285,0.5,19
135114,51.46657,5.37285,0.56,19
135114,51.46657,5.37285,0.58,19
135114,51.46657,5.37285,0.53,19
135114,51.46657,5.37285,0.49,19
135114,51.46657,5.37285,0.44,19
135114,51.46657,5.37285,0.48,19
135114,51.46657,5.37285,0.41,19
135114,51.46657,5.37285,0.42,19
135114,51.46657,5.37285,0.43,19
135115,51.466478,5.372835,0.4,19
135115,51.466478,5.372835,0.47,19
135115,51.466478,5.372835,0.41,19
135115,51.466478,5.372835,0.4,19
135115,51.466478,5.372835,0.48,19
135115,51.466478,5.372835,0.44,19
135115,51.466478,5.372835,0.44,19
135115,51.466478,5.372835,0.41,19
135115,51.466478,5.372835,0.48,19
135115,51.466478,5.372835,0.49,19
135116,51.466381,5.372874,0.47,19
135116,51.466381,5.372874,0.52,19
135116,51.466381,5.372874,0.56,19
135116,51.466381,5.372874,0.55,19
135116,51.466381,5.372874,0.68,19
135116,51.466381,5.372874,0.57,19
135116,51.466381,5.372874,0.62,19
135116,51.466381,5.372874,0.65,19
135116,51.466381,5.372874,0.58,19
135116,51.466381,5.372874,0.58,19
135117,51.466294,5.372975,0.59,18
135117,51.466294,5.372975,0.59,18
135117,51.466294,5.372975,0.56,18
135117,51.466294,5.372975,0.59,18
135117,51.466294,5.372975,0.61,18
135117,51.466294,5.372975,0.5,18
135117,51.466294,5.372975,0.52,18
135117,51.466294,5.372975,0.5,18
135117,51.466294,5.372975,0.53,18
135117,51.466294,5.372975,0.37,18
135118,51.466225,5.373108,0.49,18
135118,51.466225,5.373108,0.49,18
135118,51.466225,5.373108,0.54,18
135118,51.466225,5.373108,0.61,18
135118,51.466225,5.373108,0.64,18
135118,51.466225,5.373108,0.63,18
135118,51.466225,5.373108,0.59,18
135118,51.466225,5.373108,0.58,18
135118,51.466225,5.373108,0.58,18
135118,51.466225,5.373108,0.44,18
135119,51.466201,5.373278,0.31,18
135119,51.466201,5.373278,0.25,18
135119,51.466201,5.373278,0.03,18
135119,51.466201,5.373278,0.39,18
135119,51.466201,5.373278,0.27,18
135119,51.466201,5.373278,0.27,18
135119,51.466201,5.373278,0.25,18
135119,51.466201,5.373278,0.3,18
135119,51.466201,5.373278,0.27,18
135119,51.466201,5.373278,0.36,18
135120,51.466227,5.37347,0.46,18
135120,51.466227,5.37347,0.37,18
135120,51.466227,5.37347,0.36,18
135120,51.466227,5.37347,0.49,18
135120,51.466227,5.37347,0.35,18
135120,51.466227,5.37347,0.42,18
135120,51.466227,5.37347,0.37,18
135120,51.466227,5.37347,0.34,18
135120,51.466227,5.37347,0.3,18
135120,51.466227,5.37347,0.32,18
135121,51.466239,5.37363,0.33,18
135121,51.466239,5.37363,0.28,18
135121,51.466239,5.37363,0.3,18
135121,51.466239,5.37363,0.29,18
135121,51.466239,5.37363,0.31,18
135121,51.466239,5.37363,0.32,18
135121,51.466239,5.37363,0.32,18
135121,51.466239,5.37363,0.28,18
135121,51.466239,5.37363,0.34,18
135121,51.466239,5.37363,0.24,18
135122,51.466231,5.373775,0.28,18
135122,51.466231,5.373775,0.24,18
135122,51.466231,5.373775,0.32,18
135122,51.466231,5.373775,0.26,18
135122,51.466231,5.373775,0.31,18
135122,51.466231,5.373775,0.24,18
135122,51.466231,5.373775,0.29,18
135122,51.466231,5.373775,0.28,18
135122,51.466231,5.373775,0.23,18
135122,51.466231,5.373775,0.32,18
135123,51.466187,5.373886,0.31,18
135123,51.466187,5.373886,0.3,18
135123,51.466187,5.373886,0.27,18
135123,51.466187,5.373886,0.25,18
135123,51.466187,5.373886,0.21,18
135123,51.466187,5.373886,0.24,18
135123,51.466187,5.373886,0.27,18
135123,51.466187,5.373886,0.28,18
135123,51.466187,5.373886,0.26,18
135123,51.466187,5.373886,0.23,18
135124,51.466113,5.373953,0.37,18
135124,51.466113,5.373953,0.19,18
135124,51.466113,5.373953,0.34,18
135124,51.466113,5.373953,0.3,18
135124,51.466113,5.373953,0.3,18
135124,51.466113,5.373953,0.3,18
135124,51.466113,5.373953,0.35,18
135124,51.466113,5.373953,0.22,18
135124,51.466113,5.373953,0.3,18
135124,51.466113,5.373953,0.3,18
135125,51.466026,5.373968,0.3,17
135125,51.466026,5.373968,0.31,17
135125,51.466026,5.373968,0.33,17
135125,51.466026,5.373968,0.41,17
135125,51.466026,5.373968,0.38,17
135125,51.466026,5.373968,0.38,17
135125,51.466026,5.373968,0.34,17
135125,51.466026,5.373968,0.33,17
135125,51.466026,5.373968,0.3,17
135126,51.46594,5.373923,0.33,17
135126,51.46594,5.373923,0.41,17
135126,51.46594,5.373923,0.33,17
135126,51.46594,5.373923,0.38,17
135126,51.46594,5.373923,0.29,17
135126,51.46594,5.373923,0.13,17
135126,51.46594,5.373923,0.12,17
135126,51.46594,5.373923,0.19,17
135126,51.46594,5.373923,0.2,17
135126,51.46594,5.373923,0.22,17
135127,51.46586,5.373817,0.36,17
135127,51.46586,5.373817,0.38,17
135127,51.46586,5.373817,0.43,17
135127,51.46586,5.373817,0.37,17
135127,51.46586,5.373817,0.44,17
135127,51.46586,5.373817,0.48,17
135127,51.46586,5.373817,0.43,17
135127,51.46586,5.373817,0.47,17
135127,51.46586,5.373817,0.5,17
135127,51.46586,5.373817,0.5,17
135128,51.465782,5.373701,0.58,17
135128,51.465782,5.373701,0.56,17
135128,51.465782,5.373701,0.58,17
135128,51.465782,5.373701,0.45,17
135128,51.465782,5.373701,0.46,17
135128,51.465782,5.373701,0.5,17
135128,51.465782,5.373701,0.5,17
135128,51.465782,5.373701,0.54,17
135128,51.465782,5.373701,0.46,17
135128,51.465782,5.373701,0.48,17
135129,51.465695,5.37362,0.4,18
135129,51.465695,5.37362,0.42,18
135129,51.465695,5.37362,0.49,18
135129,51.465695,5.37362,0.56,18
135129,51.465695,5.37362,0.46,18
135129,51.465695,5.37362,0.51,18
135129,51.465695,5.37362,0.55,18
135129,51.465695,5.37362,0.55,18
135129,51.465695,5.37362,0.52,18
135129,51.465695,5.37362,0.57,18
135129,51.465695,5.37362,0.57,18
135130,51.465603,5.373638,0.55,19
135130,51.465603,5.373638,0.52,19
135130,51.465603,5.373638,0.59,19
135130,51.465603,5.373638,0.52,19
135130,51.465603,5.373638,0.5,19
135130,51.465603,5.373638,0.58,19
135130,51.465603,5.373638,0.58,19
135130,51.465603,5.373638,0.53,19
135130,51.465603,5.373638,0.54,19
135131,51.465519,5.373746,0.54,19
135131,51.465519,5.373746,0.57,19
135131,51.465519,5.373746,0.54,19
135131,51.465519,5.373746,0.55,19
135131,51.465519,5.373746,0.52,19
135131,51.465519,5.373746,0.47,19
135131,51.465519,5.373746,0.52,19
135131,51.465519,5.373746,0.49,19
135131,51.465519,5.373746,0.6,19
135131,51.465519,5.373746,0.49,19
135132,51.465472,5.373898,0.51,19
135132,51.465472,5.373898,0.57,19
135132,51.465472,5.373898,0.59,19
135132,51.465472,5.373898,0.58,19
135132,51.465472,5.373898,0.57,19
135132,51.465472,5.373898,0.56,19
135132,51.465472,5.373898,0.66,19
135132,51.465472,5.373898,0.62,19
135132,51.465472,5.373898,0.61,19
135132,51.465472,5.373898,0.68,19
135133,51.465464,5.374069,0.67,20
135133,51.465464,5.374069,0.62,20
135133,51.465464,5.374069,0.55,20
135133,51.465464,5.374069,0.65,20
135133,51.465464,5.374069,0.63,20
135133,51.465464,5.374069,0.66,20
135133,51.465464,5.374069,0.63,20
135133,51.465464,5.374069,0.63,20
135133,51.465464,5.374069,0.62,20
135133,51.465464,5.374069,0.47,20
135134,51.465503,5.374231,0.54,20
135134,51.465503,5.374231,0.45,20
135134,51.465503,5.374231,0.61,20
135134,51.465503,5.374231,0.62,20
135134,51.465503,5.374231,0.67,20
135134,51.465503,5.374231,0.64,20
135134,51.465503,5.374231,0.62,20
135134,51.465503,5.374231,0.59,20
135134,51.465503,5.374231,0.63,20
135134,51.465503,5.374231,0.67,20
135135,51.465583,5.374343,0.68,20
135135,51.465583,5.374343,0.66,20
135135,51.465583,5.374343,0.64,20
135135,51.465583,5.374343,0.57,20
135135,51.465583,5.374343,0.57,20
135135,51.465583,5.374343,0.52,20
135135,51.465583,5.374343,0.63,20
135135,51.465583,5.374343,0.51,20
135135,51.465583,5.374343,0.52,20
135135,51.465583,5.374343,0.46,20
135136,51.465685,5.374398,0.28,20
135136,51.465685,5.374398,0.11,20
135136,51.465685,5.374398,0.01,20
135136,51.465685,5.374398,0.13,20
135136,51.465685,5.374398,0.18,20
135136,51.465685,5.374398,0.24,20
135136,51.465685,5.374398,0.31,20
135136,51.465685,5.374398,0.29,20
135136,51.465685,5.374398,0.31,20
135136,51.465685,5.374398,0.38,20
135137,51.46581,5.374353,0.32,20
135137,51.46581,5.374353,0.33,20
135137,51.46581,5.374353,0.4,20
135137,51.46581,5.374353,0.37,20
135137,51.46581,5.374353,0.37,20
135137,51.46581,5.374353,0.42,20
135137,51.46581,5.374353,0.34,20
135137,51.46581,5.374353,0.44,20
135137,51.46581,5.374353,0.33,20
135137,51.46581,5.374353,0.54,20
135138,51.465927,5.374348,0.4,20
135138,51.465927,5.374348,0.42,20
135138,51.465927,5.374348,0.54,20
135138,51.465927,5.374348,0.52,20
135138,51.465927,5.374348,0.48,20
135138,51.465927,5.374348,0.45,20
135138,51.465927,5.374348,0.49,20
135138,51.465927,5.374348,0.62,20
135138,51.465927,5.374348,0.53,20
135138,51.465927,5.374348,0.5,20
135139,51.46603,5.374405,0.45,20
135139,51.46603,5.374405,0.49,20
135139,51.46603,5.374405,0.38,20
135139,51.46603,5.374405,0.38,20
135139,51.46603,5.374405,0.35,20
135139,51.46603,5.374405,0.29,20
135139,51.46603,5.374405,0.33,20
135139,51.46603,5.374405,0.26,20
135139,51.46603,5.374405,0.36,20
135139,51.46603,5.374405,0.3,20
135140,51.466103,5.374525,0.44,20
135140,51.466103,5.374525,0.46,20
135140,51.466103,5.374525,0.42,20
135140,51.466103,5.374525,0.49,20
135140,51.466103,5.374525,0.49,20
135140,51.466103,5.374525,0.49,20
135140,51.466103,5.374525,0.52,20
135140,51.466103,5.374525,0.46,20
135140,51.466103,5.374525,0.49,20
135140,51.466103,5.374525,0.54,20
135141,51.466124,5.374692,0.48,20
135141,51.466124,5.374692,0.52,20
135141,51.466124,5.374692,0.45,20
135141,51.466124,5.374692,0.38,20
135141,51.466124,5.374692,0.33,20
135141,51.466124,5.374692,0.34,20
135141,51.466124,5.374692,0.41,20
135141,51.466124,5.374692,0.38,20
135141,51.466124,5.374692,0.4,20
135141,51.466124,5.374692,0.34,20
135142,51.466112,5.374868,0.34,20
135142,51.466112,5.374868,0.38,20
135142,51.466112,5.374868,0.35,20
135142,51.466112,5.374868,0.37,20
135142,51.466112,5.374868,0.38,20
135142,51.466112,5.374868,0.42,20
135142,51.466112,5.374868,0.43,20
135142,51.466112,5.374868,0.42,20
135142,51.466112,5.374868,0.46,20
135142,51.466112,5.374868,0.39,20
135143,51.466059,5.375033,0.3,20
135143,51.466059,5.375033,0.34,20
135143,51.466059,5.375033,0.41,20
135143,51.466059,5.375033,0.4,20
135143,51.466059,5.375033,0.46,20
135143,51.466059,5.375033,0.47,20
135143,51.466059,5.375033,0.43,20
135143,51.466059,5.375033,0.46,20
135143,51.466059,5.375033,0.46,20
135144,51.465986,5.375172,0.44,19
135144,51.465986,5.375172,0.49,19
135144,51.465986,5.375172,0.37,19
135144,51.465986,5.375172,0.41,19
135144,51.465986,5.375172,0.4,19
135144,51.465986,5.375172,0.43,19
135144,51.465986,5.375172,0.43,19
135144,51.465986,5.375172,0.4,19
135144,51.465986,5.375172,0.46,19
135144,51.465986,5.375172,0.42,19
135144,51.465986,5.375172,0.43,19
135145,51.465902,5.375255,0.43,20
135145,51.465902,5.375255,0.42,20
135145,51.465902,5.375255,0.44,20
135145,51.465902,5.375255,0.42,20
135145,51.465902,5.375255,0.33,20
135145,51.465902,5.375255,0.48,20
135145,51.465902,5.375255,0.32,20
135145,51.465902,5.375255,0.51,20
135145,51.465902,5.375255,0.29,20
135145,51.465902,5.375255,0.41,20
135146,51.46581,5.375253,0.41,20
135146,51.46581,5.375253,0.51,20
135146,51.46581,5.375253,0.45,20
135146,51.46581,5.375253,0.64,20
135146,51.46581,5.375253,0.3,20
135146,51.46581,5.375253,0.39,20
135146,51.46581,5.375253,0.45,20
135146,51.46581,5.375253,0.49,20
135146,51.46581,5.375253,0.49,20
135147,51.465703,5.375148,0.45,20
135147,51.465703,5.375148,0.56,20
135147,51.465703,5.375148,0.57,20
135147,51.465703,5.375148,0.33,20
135147,51.465703,5.375148,0.23,20
135147,51.465703,5.375148,0.18,20
135147,51.465703,5.375148,0.25,20
135147,51.465703,5.375148,0.27,20
135147,51.465703,5.375148,0.44,20
135147,51.465703,5.375148,0.67,20
135148,51.465605,5.374978,0.6,20
135148,51.465605,5.374978,0.58,20
135148,51.465605,5.374978,0.53,20
135148,51.465605,5.374978,0.61,20
135148,51.465605,5.374978,0.55,20
135148,51.465605,5.374978,0.6,20
135148,51.465605,5.374978,0.63,20
135148,51.465605,5.374978,0.71,20
135148,51.465605,5.374978,0.66,20
135148,51.465605,5.374978,0.68,20
135149,51.465535,5.37481,0.65,21
135149,51.465535,5.37481,0.72,21
135149,51.465535,5.37481,0.63,21
135149,51.465535,5.37481,0.58,21
135149,51.465535,5.37481,0.6,21
135149,51.465535,5.37481,0.62,21
135149,51.465535,5.37481,0.64,21
135149,51.465535,5.37481,0.63,21
135149,51.465535,5.37481,0.58,21
135149,51.465535,5.37481,0.61,21
135150,51.465453,5.374671,0.59,21
135150,51.465453,5.374671,0.63,21
135150,51.465453,5.374671,0.64,21
135150,51.465453,5.374671,0.6,21
135150,51.465453,5.374671,0.64,21
135150,51.465453,5.374671,0.59,21
135150,51.465453,5.374671,0.65,21
135150,51.465453,5.374671,0.58,21
135150,51.465453,5.374671,0.55,21
135150,51.465453,5.374671,0.55,21
135151,51.465366,5.374647,0.57,21
135151,51.465366,5.374647,0.69,21
135151,51.465366,5.374647,0.68,21
135151,51.465366,5.374647,0.68,21
135151,51.465366,5.374647,0.69,21
135151,51.465366,5.374647,0.65,21
135151,51.465366,5.374647,0.82,21
135151,51.465366,5.374647,0.66,21
135151,51.465366,5.374647,0.74,21
135151,51.465366,5.374647,0.71,21
135152,51.465273,5.374711,0.84,21
135152,51.465273,5.374711,0.71,21
135152,51.465273,5.374711,0.75,21
135152,51.465273,5.374711,0.66,21
135152,51.465273,5.374711,0.71,21
135152,51.465273,5.374711,0.67,21
135152,51.465273,5.374711,0.66,21
135152,51.465273,5.374711,0.68,21
135152,51.465273,5.374711,0.64,21
135152,51.465273,5.374711,0.66,21
135153,51.465225,5.374861,0.64,21
135153,51.465225,5.374861,0.66,21
135153,51.465225,5.374861,0.62,21
135153,51.465225,5.374861,0.69,21
135153,51.465225,5.374861,0.66,21
135153,51.465225,5.374861,0.72,21
135153,51.465225,5.374861,0.72,21
135153,51.465225,5.374861,0.63,21
135153,51.465225,5.374861,0.66,21
135153,51.465225,5.374861,0.74,21
135154,51.465242,5.375042,0.67,21
135154,51.465242,5.375042,0.68,21
135154,51.465242,5.375042,0.64,21
135154,51.465242,5.375042,0.51,21
135154,51.465242,5.375042,0.5,21
135154,51.465242,5.375042,0.54,21
135154,51.465242,5.375042,0.55,21
135154,51.465242,5.375042,0.47,21
135154,51.465242,5.375042,0.45,21
135154,51.465242,5.375042,0.45,21
135155,51.465309,5.375195,0.44,20
135155,51.465309,5.375195,0.46,20
135155,51.465309,5.375195,0.31,20
135155,51.465309,5.375195,0.23,20
135155,51.465309,5.375195,0.23,20
135155,51.465309,5.375195,0.24,20
135155,51.465309,5.375195,0.21,20
135155,51.465309,5.375195,0.23,20
135155,51.465309,5.375195,0.25,20
135155,51.465309,5.375195,0.22,20
135156,51.465423,5.375278,0.29,19
135156,51.465423,5.375278,0.35,19
135156,51.465423,5.375278,0.26,19
135156,51.465423,5.375278,0.29,19
135156,51.465423,5.375278,0.33,19
135156,51.465423,5.375278,0.37,19
135156,51.465423,5.375278,0.41,19
135156,51.465423,5.375278,0.3,19
135156,51.465423,5.375278,0.26,19
135156,51.465423,5.375278,0.34,19
135157,51.465538,5.375383,0.47,18
135157,51.465538,5.375383,0.36,18
135157,51.465538,5.375383,0.35,18
135157,51.465538,5.375383,0.34,18
135157,51.465538,5.375383,0.33,18
135157,51.465538,5.375383,0.43,18
135157,51.465538,5.375383,0.42,18
135157,51.465538,5.375383,0.44,18
135157,51.465538,5.375383,0.46,18
135157,51.465538,5.375383,0.37,18
135158,51.465635,5.375528,0.49,19
135158,51.465635,5.375528,0.49,19
135158,51.465635,5.375528,0.48,19
135158,51.465635,5.375528,0.49,19
135158,51.465635,5.375528,0.53,19
135158,51.465635,5.375528,0.44,19
135158,51.465635,5.375528,0.52,19
135158,51.465635,5.375528,0.42,19
135158,51.465635,5.375528,0.49,19
135158,51.465635,5.375528,0.52,19
135159,51.465698,5.3757,0.51,19
135159,51.465698,5.3757,0.54,19
135159,51.465698,5.3757,0.56,19
135159,51.465698,5.3757,0.36,19
135159,51.465698,5.3757,0.46,19
135159,51.465698,5.3757,0.45,19
135159,51.465698,5.3757,0.43,19
135159,51.465698,5.3757,0.44,19
135159,51.465698,5.3757,0.49,19
135159,51.465698,5.3757,0.5,19
135200,51.465723,5.375888,0.53,19
135200,51.465723,5.375888,0.54,19
135200,51.465723,5.375888,0.5,19
135200,51.465723,5.375888,0.49,19
135200,51.465723,5.375888,0.54,19
135200,51.465723,5.375888,0.5,19
135200,51.465723,5.375888,0.38,19
135200,51.465723,5.375888,0.58,19
135200,51.465723,5.375888,0.4,19
135201,51.465682,5.3761,0.51,19
135201,51.465682,5.3761,0.46,19
135201,51.465682,5.3761,0.55,19
135201,51.465682,5.3761,0.37,19
135201,51.465682,5.3761,0.5,19
135201,51.465682,5.3761,0.53,19
135201,51.465682,5.3761,0.56,19
135201,51.465682,5.3761,0.48,19
135201,51.465682,5.3761,0.49,19
135201,51.465682,5.3761,0.31,19
135202,51.465591,5.376294,0.2,19
135202,51.465591,5.376294,0.22,19
135202,51.465591,5.376294,0.26,19
135202,51.465591,5.376294,0.1,19
135202,51.465591,5.376294,0.11,19
135202,51.465591,5.376294,0.28,19
135202,51.465591,5.376294,0.22,19
135202,51.465591,5.376294,0.33,19
135202,51.465591,5.376294,0.45,19
135202,51.465591,5.376294,0.47,19
135203,51.465451,5.376429,0.49,19
135203,51.465451,5.376429,0.59,19
135203,51.465451,5.376429,0.68,19
135203,51.465451,5.376429,0.72,19
135203,51.465451,5.376429,0.69,19
135203,51.465451,5.376429,0.65,19
135203,51.465451,5.376429,0.63,19
135203,51.465451,5.376429,0.48,19
135203,51.465451,5.376429,0.57,19
135203,51.465451,5.376429,0.54,19
135204,51.465333,5.376555,0.6,19
135204,51.465333,5.376555,0.55,19
135204,51.465333,5.376555,0.54,19
135204,51.465333,5.376555,0.58,19
135204,51.465333,5.376555,0.56,19
135204,51.465333,5.376555,0.61,19
135204,51.465333,5.376555,0.67,19
135204,51.465333,5.376555,0.66,19
135204,51.465333,5.376555,0.65,19
135204,51.465333,5.376555,0.69,19
135205,51.465255,5.3767,0.62,19
135205,51.465255,5.3767,0.65,19
135205,51.465255,5.3767,0.58,19
135205,51.465255,5.3767,0.52,19
135205,51.465255,5.3767,0.4,19
135205,51.465255,5.3767,0.5,19
135205,51.465255,5.3767,0.44,19
135205,51.465255,5.3767,0.41,19
135205,51.465255,5.3767,0.39,19
135205,51.465255,5.3767,0.58,19
135206,51.465229,5.376859,0.44,19
135206,51.465229,5.376859,0.4,19
135206,51.465229,5.376859,0.45,19
135206,51.465229,5.376859,0.49,19
135206,51.465229,5.376859,0.48,19
135206,51.465229,5.376859,0.5,19
135206,51.465229,5.376859,0.41,19
135206,51.465229,5.376859,0.45,19
135206,51.465229,5.376859,0.48,19
135206,51.465229,5.376859,0.38,19
135207,51.465251,5.377002,0.37,19
135207,51.465251,5.377002,0.15,19
135207,51.465251,5.377002,0.15,19
135207,51.465251,5.377002,0.18,19
135207,51.465251,5.377002,0.07,19
135207,51.465251,5.377002,0.06,19
135207,51.465251,5.377002,0.08,19
135207,51.465251,5.377002,0.11,19
135207,51.465251,5.377002,0.07,19
135207,51.465251,5.377002,0.06,19
135208,51.465317,5.377145,0.12,19
135208,51.465317,5.377145,0.17,19
135208,51.465317,5.377145,0.18,19
135208,51.465317,5.377145,0.21,19
135208,51.465317,5.377145,0.32,19
135208,51.465317,5.377145,0.35,19
135208,51.465317,5.377145,0.28,19
135208,51.465317,5.377145,0.33,19
135208,51.465317,5.377145,0.45,19
135208,51.465317,5.377145,0.39,19
135209,51.465373,5.377302,0.46,20
135209,51.465373,5.377302,0.44,20
135209,51.465373,5.377302,0.3,20
135209,51.465373,5.377302,0.31,20
135209,51.465373,5.377302,0.34,20
135209,51.465373,5.377302,0.37,20
135209,51.465373,5.377302,0.42,20
135209,51.465373,5.377302,0.3,20
135209,51.465373,5.377302,0.39,20
135209,51.465373,5.377302,0.43,20
135210,51.465401,5.377474,0.41,20
135210,51.465401,5.377474,0.31,20
135210,51.465401,5.377474,0.35,20
135210,51.465401,5.377474,0.24,20
135210,51.465401,5.377474,0.29,20
135210,51.465401,5.377474,0.27,20
135210,51.465401,5.377474,0.33,20
135210,51.465401,5.377474,0.4,20
135210,51.465401,5.377474,0.3,20
135210,51.465401,5.377474,0.3,20
135211,51.465388,5.377643,0.37,20
135211,51.465388,5.377643,0.28,20
135211,51.465388,5.377643,0.32,20
135211,51.465388,5.377643,0.33,20
135211,51.465388,5.377643,0.36,20
135211,51.465388,5.377643,0.35,20
135211,51.465388,5.377643,0.39,20
135211,51.465388,5.377643,0.36,20
135211,51.465388,5.377643,0.36,20
135211,51.465388,5.377643,0.39,20
135212,51.465351,5.377784,0.38,20
135212,51.465351,5.377784,0.38,20
135212,51.465351,5.377784,0.42,20
135212,51.465351,5.377784,0.35,20
135212,51.465351,5.377784,0.38,20
135212,51.465351,5.377784,0.4,20
135212,51.465351,5.377784,0.41,20
135212,51.465351,5.377784,0.55,20
135212,51.465351,5.377784,0.55,20
135212,51.465351,5.377784,0.56,20
135213,51.465294,5.377874,0.61,20
135213,51.465294,5.377874,0.54,20
135213,51.465294,5.377874,0.59,20
135213,51.465294,5.377874,0.51,20
135213,51.465294,5.377874,0.58,20
135213,51.465294,5.377874,0.56,20
135213,51.465294,5.377874,0.54,20
135213,51.465294,5.377874,0.57,20
135213,51.465294,5.377874,0.51,20
135213,51.465294,5.377874,0.58,20
135214,51.465229,5.377913,0.45,20
135214,51.465229,5.377913,0.41,20
135214,51.465229,5.377913,0.48,20
135214,51.465229,5.377913,0.39,20
135214,51.465229,5.377913,0.49,20
135214,51.465229,5.377913,0.45,20
135214,51.465229,5.377913,0.4,20
135214,51.465229,5.377913,0.47,20
135214,51.465229,5.377913,0.35,20
135214,51.465229,5.377913,0.26,20
135215,51.46517,5.377882,0.23,20
135215,51.46517,5.377882,0.22,20
135215,51.46517,5.377882,0.27,20
135215,51.46517,5.377882,0.25,20
135215,51.46517,5.377882,0.23,20
135215,51.46517,5.377882,0.17,20
135215,51.46517,5.377882,0.22,20
135215,51.46517,5.377882,0.27,20
135215,51.46517,5.377882,0.25,20
135215,51.46517,5.377882,0.21,20
135216,51.465141,5.377758,0.22,20
135216,51.465141,5.377758,0.24,20
135216,51.465141,5.377758,0.24,20
135216,51.465141,5.377758,0.29,20
135216,51.465141,5.377758,0.37,20
135216,51.465141,5.377758,0.34,20
135216,51.465141,5.377758,0.32,20
135216,51.465141,5.377758,0.36,20
135216,51.465141,5.377758,0.38,20
135216,51.465141,5.377758,0.38,20
135217,51.465113,5.377609,0.4,20
135217,51.465113,5.377609,0.32,20
135217,51.465113,5.377609,0.33,20
135217,51.465113,5.377609,0.32,20
135217,51.465113,5.377609,0.13,20
135217,51.465113,5.377609,0.11,20
135217,51.465113,5.377609,0.02,20
135217,51.465113,5.377609,0.08,20
135217,51.465113,5.377609,0.05,20
135217,51.465113,5.377609,0.07,20
135218,51.465077,5.37743,0.08,20
135218,51.465077,5.37743,0.17,20
135218,51.465077,5.37743,0.12,20
135218,51.465077,5.37743,0.24,20
135218,51.465077,5.37743,0.15,20
135218,51.465077,5.37743,0.24,20
135218,51.465077,5.37743,0.18,20
135218,51.465077,5.37743,0.22,20
135218,51.465077,5.37743,0.19,20
135219,51.465036,5.377231,0.18,20
135219,51.465036,5.377231,0.18,20
135219,51.465036,5.377231,0.23,20
135219,51.465036,5.377231,0.19,20
135219,51.465036,5.377231,0.17,20
135219,51.465036,5.377231,0.22,20
135219,51.465036,5.377231,0.18,20
135219,51.465036,5.377231,0.24,20
135219,51.465036,5.377231,0.18,20
135219,51.465036,5.377231,0.16,20
135220,51.464998,5.377017,0.15,20
135220,51.464998,5.377017,0.19,20
135220,51.464998,5.377017,0.21,20
135220,51.464998,5.377017,0.21,20
135220,51.464998,5.377017,0.19,20
135220,51.464998,5.377017,0.23,20
135220,51.464998,5.377017,0.21,20
135220,51.464998,5.377017,0.23,20
135220,51.464998,5.377017,0.24,20
135220,51.464998,5.377017,0.22,20
135221,51.464964,5.376777,0.29,20
135221,51.464964,5.376777,0.27,20
135221,51.464964,5.376777,0.27,20
135221,51.464964,5.376777,0.25,20
135221,51.464964,5.376777,0.3,20
135221,51.464964,5.376777,0.21,20
135221,51.464964,5.376777,0.3,20
135221,51.464964,5.376777,0.3,20
135221,51.464964,5.376777,0.27,20
135221,51.464964,5.376777,0.37,20
135222,51.464939,5.376506,0.17,20
135222,51.464939,5.376506,0.29,20
135222,51.464939,5.376506,0.19,20
135222,51.464939,5.376506,0.22,20
135222,51.464939,5.376506,0.23,20
135222,51.464939,5.376506,0.23,20
135222,51.464939,5.376506,0.23,20
135222,51.464939,5.376506,0.22,20
135222,51.464939,5.376506,0.27,20
135222,51.464939,5.376506,0.3,20
135223,51.464925,5.376204,0.29,20
135223,51.464925,5.376204,0.25,20
135223,51.464925,5.376204,0.19,20
135223,51.464925,5.376204,0.31,20
135223,51.464925,5.376204,0.26,20
135223,51.464925,5.376204,0.37,20
135223,51.464925,5.376204,0.3,20
135223,51.464925,5.376204,0.26,20
135223,51.464925,5.376204,0.3,20
135223,51.464925,5.376204,0.27,20
135224,51.464924,5.375874,0.23,20
135224,51.464924,5.375874,0.14,20
135224,51.464924,5.375874,0.18,20
135224,51.464924,5.375874,0.19,20
135224,51.464924,5.375874,0.17,20
135224,51.464924,5.375874,0.19,20
135224,51.464924,5.375874,0.16,20
135224,51.464924,5.375874,0.22,20
135224,51.464924,5.375874,0.25,20
135224,51.464924,5.375874,0.27,20
135225,51.464942,5.375524,0.26,20
135225,51.464942,5.375524,0.3,20
135225,51.464942,5.375524,0.32,20
135225,51.464942,5.375524,0.24,20
135225,51.464942,5.375524,0.33,20
135225,51.464942,5.375524,0.33,20
135225,51.464942,5.375524,0.32,20
135225,51.464942,5.375524,0.25,20
135225,51.464942,5.375524,0.26,20
135225,51.464942,5.375524,0.21,20
135226,51.464981,5.375167,0.28,20
135226,51.464981,5.375167,0.29,20
135226,51.464981,5.375167,0.37,20
135226,51.464981,5.375167,0.24,20
135226,51.464981,5.375167,0.32,20
135226,51.464981,5.375167,0.14,20
135226,51.464981,5.375167,0.29,20
135226,51.464981,5.375167,0.24,20
135226,51.464981,5.375167,0.35,20
135226,51.464981,5.375167,0.44,20
135227,51.465048,5.374803,0.3,20
135227,51.465048,5.374803,0.33,20
135227,51.465048,5.374803,0.32,20
135227,51.465048,5.374803,0.24,20
135227,51.465048,5.374803,0.32,20
135227,51.465048,5.374803,0.38,20
135227,51.465048,5.374803,0.33,20
135227,51.465048,5.374803,0.26,20
135227,51.465048,5.374803,0.23,20
135227,51.465048,5.374803,0.29,20
135228,51.46514,5.374435,0.37,20
135228,51.46514,5.374435,0.29,20
135228,51.46514,5.374435,0.2,20
135228,51.46514,5.374435,0.13,20
135228,51.46514,5.374435,0.28,20
135228,51.46514,5.374435,0.31,20
135228,51.46514,5.374435,0.27,20
135228,51.46514,5.374435,0.27,20
135228,51.46514,5.374435,0.26,20
135228,51.46514,5.374435,0.39,20
135229,51.465261,5.374077,0.27,20
135229,51.465261,5.374077,0.36,20
135229,51.465261,5.374077,0.24,20
135229,51.465261,5.374077,0.26,20
135229,51.465261,5.374077,0.34,20
135229,51.465261,5.374077,0.32,20
135229,51.465261,5.374077,0.34,20
135229,51.465261,5.374077,0.3,20
135229,51.465261,5.374077,0.33,20
135229,51.465261,5.374077,0.29,20
135230,51.465409,5.373738,0.3,20
135230,51.465409,5.373738,0.26,20
135230,51.465409,5.373738,0.26,20
135230,51.465409,5.373738,0.31,20
135230,51.465409,5.373738,0.3,20
135230,51.465409,5.373738,0.34,20
135230,51.465409,5.373738,0.36,20
135230,51.465409,5.373738,0.33,20
135230,51.465409,5.373738,0.31,20
135230,51.465409,5.373738,0.34,20
135231,51.465583,5.373419,0.26,21
135231,51.465583,5.373419,0.26,21
135231,51.465583,5.373419,0.34,21
135231,51.465583,5.373419,0.2,21
135231,51.465583,5.373419,0.23,21
135231,51.465583,5.373419,0.21,21
135231,51.465583,5.373419,0.25,21
135231,51.465583,5.373419,0.32,21
135231,51.465583,5.373419,0.25,21
135231,51.465583,5.373419,0.38,21
135232,51.465785,5.37313,0.36,21
135232,51.465785,5.37313,0.42,21
135232,51.465785,5.37313,0.3,21
135232,51.465785,5.37313,0.28,21
135232,51.465785,5.37313,0.26,21
135232,51.465785,5.37313,0.31,21
135232,51.465785,5.37313,0.43,21
135232,51.465785,5.37313,0.29,21
135232,51.465785,5.37313,0.45,21
135232,51.465785,5.37313,0.45,21
135233,51.466011,5.372877,0.27,21
135233,51.466011,5.372877,0.33,21
135233,51.466011,5.372877,0.38,21
135233,51.466011,5.372877,0.46,21
135233,51.466011,5.372877,0.41,21
135233,51.466011,5.372877,0.46,21
135233,51.466011,5.372877,0.42,21
135233,51.466011,5.372877,0.43,21
135233,51.466011,5.372877,0.41,21
135234,51.466248,5.37267,0.37,21
135234,51.466248,5.37267,0.37,21
135234,51.466248,5.37267,0.45,21
135234,51.466248,5.37267,0.4,21
135234,51.466248,5.37267,0.4,21
135234,51.466248,5.37267,0.38,21
135234,51.466248,5.37267,0.69,21
135234,51.466248,5.37267,0.64,21
135234,51.466248,5.37267,0.64,21
135234,51.466248,5.37267,0.59,21
135235,51.466479,5.372519,0.55,20
135235,51.466479,5.372519,0.45,20
135235,51.466479,5.372519,0.5,20
135235,51.466479,5.372519,0.4,20
135235,51.466479,5.372519,0.28,20
135235,51.466479,5.372519,0.32,20
135235,51.466479,5.372519,0.43,20
135235,51.466479,5.372519,0.37,20
135235,51.466479,5.372519,0.38,20
135235,51.466479,5.372519,0.41,20
135236,51.466678,5.372432,0.41,20
135236,51.466678,5.372432,0.4,20
135236,51.466678,5.372432,0.38,20
135236,51.466678,5.372432,0.41,20
135236,51.466678,5.372432,0.36,20
135236,51.466678,5.372432,0.37,20
135236,51.466678,5.372432,0.4,20
135236,51.466678,5.372432,0.31,20
135236,51.466678,5.372432,0.28,20
135236,51.466678,5.372432,0.36,20
135237,51.466846,5.37239,0.38,19
135237,51.466846,5.37239,0.43,19
135237,51.466846,5.37239,0.47,19
135237,51.466846,5.37239,0.47,19
135237,51.466846,5.37239,0.43,19
135237,51.466846,5.37239,0.45,19
135237,51.466846,5.37239,0.43,19
135237,51.466846,5.37239,0.44,19
135237,51.466846,5.37239,0.44,19
135237,51.466846,5.37239,0.47,19
135238,51.466982,5.372369,0.52,19
135238,51.466982,5.372369,0.63,19
135238,51.466982,5.372369,0.62,19
135238,51.466982,5.372369,0.6,19
135238,51.466982,5.372369,0.65,19
135238,51.466982,5.372369,0.54,19
135238,51.466982,5.372369,0.55,19
135238,51.466982,5.372369,0.47,19
135238,51.466982,5.372369,0.31,19
135238,51.466982,5.372369,0.37,19
135239,51.467082,5.372338,0.48,20
135239,51.467082,5.372338,0.47,20
135239,51.467082,5.372338,0.47,20
135239,51.467082,5.372338,0.49,20
135239,51.467082,5.372338,0.56,20
135239,51.467082,5.372338,0.48,20
135239,51.467082,5.372338,0.48,20
135239,51.467082,5.372338,0.51,20
135239,51.467082,5.372338,0.5,20
135239,51.467082,5.372338,0.57,20
135240,51.467146,5.372288,0.47,20
135240,51.467146,5.372288,0.42,20
135240,51.467146,5.372288,0.38,20
135240,51.467146,5.372288,0.38,20
135240,51.467146,5.372288,0.36,20
135240,51.467146,5.372288,0.46,20
135240,51.467146,5.372288,0.33,20
135240,51.467146,5.372288,0.33,20
135240,51.467146,5.372288,0.37,20
135240,51.467146,5.372288,0.47,20
135241,51.467176,5.372215,0.48,20
135241,51.467176,5.372215,0.47,20
135241,51.467176,5.372215,0.48,20
135241,51.467176,5.372215,0.55,20
135241,51.467176,5.372215,0.61,20
135241,51.467176,5.372215,0.56,20
135241,51.467176,5.372215,0.6,20
135241,51.467176,5.372215,0.58,20
135241,51.467176,5.372215,0.6,20
135241,51.467176,5.372215,0.6,20
135242,51.467177,5.372131,0.59,20
135242,51.467177,5.372131,0.64,20
135242,51.467177,5.372131,0.58,20
135242,51.467177,5.372131,0.49,20
135242,51.467177,5.372131,0.47,20
135242,51.467177,5.372131,0.43,20
135242,51.467177,5.372131,0.36,20
135242,51.467177,5.372131,0.33,20
135242,51.467177,5.372131,0.28,20
135242,51.467177,5.372131,0.27,20
135243,51.467146,5.372055,0.32,20
135243,51.467146,5.372055,0.25,20
135243,51.467146,5.372055,0.22,20
135243,51.467146,5.372055,0.22,20
135243,51.467146,5.372055,0.21,20
135243,51.467146,5.372055,0.24,20
135243,51.467146,5.372055,0.23,20
135243,51.467146,5.372055,0.25,20
135243,51.467146,5.372055,0.28,20
135243,51.467146,5.372055,0.26,20
135244,51.467068,5.371998,0.22,20
135244,51.467068,5.371998,0.14,20
135244,51.467068,5.371998,0.06,20
135244,51.467068,5.371998,0.08,20
135244,51.467068,5.371998,0.13,20
135244,51.467068,5.371998,0.42,20
135244,51.467068,5.371998,0.5,20
135244,51.467068,5.371998,0.42,20
135244,51.467068,5.371998,0.43,20
135244,51.467068,5.371998,0.46,20
135245,51.466985,5.371918,0.4,19
135245,51.466985,5.371918,0.45,19
135245,51.466985,5.371918,0.45,19
135245,51.466985,5.371918,0.47,19
135245,51.466985,5.371918,0.43,19
135245,51.466985,5.371918,0.5,19
135245,51.466985,5.371918,0.49,19
135245,51.466985,5.371918,0.44,19
135245,51.466985,5.371918,0.5,19
135245,51.466985,5.371918,0.5,19
135245,51.466985,5.371918,0.46,19
135246,51.466902,5.371856,0.51,20
135246,51.466902,5.371856,0.51,20
135246,51.466902,5.371856,0.41,20
135246,51.466902,5.371856,0.42,20
135246,51.466902,5.371856,0.4,20
135246,51.466902,5.371856,0.41,20
135246,51.466902,5.371856,0.4,20
135246,51.466902,5.371856,0.37,20
135246,51.466902,5.371856,0.45,20
135247,51.466817,5.371856,0.42,19
135247,51.466817,5.371856,0.43,19
135247,51.466817,5.371856,0.41,19
135247,51.466817,5.371856,0.29,19
135247,51.466817,5.371856,0.32,19
135247,51.466817,5.371856,0.35,19
135247,51.466817,5.371856,0.3,19
135247,51.466817,5.371856,0.25,19
135247,51.466817,5.371856,0.34,19
135247,51.466817,5.371856,0.31,19
135248,51.466723,5.371916,0.27,19
135248,51.466723,5.371916,0.27,19
135248,51.466723,5.371916,0.29,19
135248,51.466723,5.371916,0.27,19
135248,51.466723,5.371916,0.24,19
135248,51.466723,5.371916,0.18,19
135248,51.466723,5.371916,0.25,19
135248,51.466723,5.371916,0.26,19
135248,51.466723,5.371916,0.19,19
135249,51.466615,5.372001,0.18,19
135249,51.466615,5.372001,0.12,19
135249,51.466615,5.372001,0.11,19
135249,51.466615,5.372001,0.09,19
135249,51.466615,5.372001,0.4,19
135249,51.466615,5.372001,0.16,19
135249,51.466615,5.372001,0.09,19
135249,51.466615,5.372001,0.27,19
135249,51.466615,5.372001,0.29,19
135249,51.466615,5.372001,0.14,19
135250,51.466499,5.37209,0.24,19
135250,51.466499,5.37209,0.34,19
135250,51.466499,5.37209,0.25,19
135250,51.466499,5.37209,0.17,19
135250,51.466499,5.37209,0.26,19
135250,51.466499,5.37209,0.27,19
135250,51.466499,5.37209,0.34,19
135250,51.466499,5.37209,0.33,19
135250,51.466499,5.37209,0.34,19
135250,51.466499,5.37209,0.35,19
135251,51.466393,5.37216,0.4,19
135251,51.466393,5.37216,0.41,19
135251,51.466393,5.37216,0.31,19
135251,51.466393,5.37216,0.27,19
135251,51.466393,5.37216,0.37,19
135251,51.466393,5.37216,0.32,19
135251,51.466393,5.37216,0.36,19
135251,51.466393,5.37216,0.44,19
135251,51.466393,5.37216,0.39,19
135251,51.466393,5.37216,0.35,19
135252,51.466306,5.372197,0.36,19
135252,51.466306,5.372197,0.42,19
135252,51.466306,5.372197,0.41,19
135252,51.466306,5.372197,0.35,19
135252,51.466306,5.372197,0.35,19
135252,51.466306,5.372197,0.37,19
135252,51.466306,5.372197,0.34,19
135252,51.466306,5.372197,0.43,19
135252,51.466306,5.372197,0.37,19
135252,51.466306,5.372197,0.38,19
135253,51.46622,5.372184,0.42,19
135253,51.46622,5.372184,0.42,19
135253,51.46622,5.372184,0.43,19
135253,51.46622,5.372184,0.43,19
135253,51.46622,5.372184,0.47,19
135253,51.46622,5.372184,0.46,19
135253,51.46622,5.372184,0.43,19
135253,51.46622,5.372184,0.3,19
135253,51.46622,5.372184,0.36,19
135253,51.46622,5.372184,0.35,19
135254,51.466134,5.372131,0.37,21
135254,51.466134,5.372131,0.44,21
135254,51.466134,5.372131,0.32,21
135254,51.466134,5.372131,0.38,21
135254,51.466134,5.372131,0.19,21
135254,51.466134,5.372131,0.36,21
135254,51.466134,5.372131,0.29,21
135254,51.466134,5.372131,0.26,21
135254,51.466134,5.372131,0.41,21
135254,51.466134,5.372131,0.45,21
135255,51.466066,5.372033,0.52,21
135255,51.466066,5.372033,0.28,21
135255,51.466066,5.372033,0.31,21
135255,51.466066,5.372033,0.34,21
135255,51.466066,5.372033,0.27,21
135255,51.466066,5.372033,0.36,21
135255,51.466066,5.372033,0.28,21
135255,51.466066,5.372033,0.27,21
135255,51.466066,5.372033,0.37,21
135255,51.466066,5.372033,0.35,21
135256,51.466024,5.371915,0.22,21
135256,51.466024,5.371915,0.21,21
135256,51.466024,5.371915,0.28,21
135256,51.466024,5.371915,0.29,21
135256,51.466024,5.371915,0.24,21
135256,51.466024,5.371915,0.2,21
135256,51.466024,5.371915,0.24,21
135256,51.466024,5.371915,0.22,21
135256,51.466024,5.371915,0.18,21
135256,51.466024,5.371915,0.23,21
135257,51.466014,5.371788,0.14,21
135257,51.466014,5.371788,0.1,21
135257,51.466014,5.371788,0.16,21
135257,51.466014,5.371788,0.3,21
135257,51.466014,5.371788,0.32,21
135257,51.466014,5.371788,0.37,21
135257,51.466014,5.371788,0.47,21
135257,51.466014,5.371788,0.43,21
135257,51.466014,5.371788,0.32,21
135257,51.466014,5.371788,0.22,21
135258,51.466028,5.371654,0.34,21
135258,51.466028,5.371654,0.32,21
135258,51.466028,5.371654,0.36,21
135258,51.466028,5.371654,0.33,21
135258,51.466028,5.371654,0.34,21
135258,51.466028,5.371654,0.27,21
135258,51.466028,5.371654,0.26,21
135258,51.466028,5.371654,0.13,21
135258,51.466028,5.371654,0.45,21
135258,51.466028,5.371654,0.37,21
135259,51.466075,5.371525,0.34,21
135259,51.466075,5.371525,0.29,21
135259,51.466075,5.371525,0.3,21
135259,51.466075,5.371525,0.47,21
135259,51.466075,5.371525,0.27,21
135259,51.466075,5.371525,0.12,21
135259,51.466075,5.371525,0.2,21
135259,51.466075,5.371525,0.11,21
135259,51.466075,5.371525,0.39,21
135259,51.466075,5.371525,0.2,21
135300,51.466139,5.371429,0.17,21
135300,51.466139,5.371429,0.11,21
135300,51.466139,5.371429,0.43,21
135300,51.466139,5.371429,0.23,21
135300,51.466139,5.371429,0.09,21
135300,51.466139,5.371429,0.16,21
135300,51.466139,5.371429,0.2,21
135300,51.466139,5.371429,0.12,21
135300,51.466139,5.371429,0.12,21
135300,51.466139,5.371429,0.33,21
135301,51.466202,5.371336,0.48,21
135301,51.466202,5.371336,0.36,21
135301,51.466202,5.371336,0.36,21
135301,51.466202,5.371336,0.48,21
135301,51.466202,5.371336,0.38,21
135301,51.466202,5.371336,0.38,21
135301,51.466202,5.371336,0.36,21
135301,51.466202,5.371336,0.46,21
135301,51.466202,5.371336,0.43,21
135301,51.466202,5.371336,0.41,21
135302,51.46627,5.371239,0.34,21
135302,51.46627,5.371239,0.46,21
135302,51.46627,5.371239,0.32,21
135302,51.46627,5.371239,0.38,21
135302,51.46627,5.371239,0.32,21
135302,51.46627,5.371239,0.29,21
135302,51.46627,5.371239,0.2,21
135302,51.46627,5.371239,0.21,21
135302,51.46627,5.371239,0.22,21
135302,51.46627,5.371239,0.18,21
135303,51.466344,5.371145,0.18,21
135303,51.466344,5.371145,0.28,21
135303,51.466344,5.371145,0.37,21
135303,51.466344,5.371145,0.57,21
135303,51.466344,5.371145,0.53,21
135303,51.466344,5.371145,0.44,21
135303,51.466344,5.371145,0.41,21
135303,51.466344,5.371145,0.46,21
135303,51.466344,5.371145,0.48,21
135304,51.466404,5.371123,0.47,19
135304,51.466404,5.371123,0.5,19
135304,51.466404,5.371123,0.52,19
135304,51.466404,5.371123,0.34,19
135304,51.466404,5.371123,0.39,19
135304,51.466404,5.371123,0.58,19
135304,51.466404,5.371123,0.54,19
135304,51.466404,5.371123,0.54,19
135304,51.466404,5.371123,0.6,19
135304,51.466404,5.371123,0.65,19
135304,51.466404,5.371123,0.59,19
135305,51.466445,5.371093,0.67,20
135305,51.466445,5.371093,0.61,20
135305,51.466445,5.371093,0.5,20
135305,51.466445,5.371093,0.56,20
135305,51.466445,5.371093,0.53,20
135305,51.466445,5.371093,0.19,20
135305,51.466445,5.371093,0.22,20
135305,51.466445,5.371093,0.24,20
135305,51.466445,5.371093,0.23,20
135305,51.466445,5.371093,0.19,20
135306,51.466452,5.371045,0.24,21
135306,51.466452,5.371045,0.26,21
135306,51.466452,5.371045,0.27,21
135306,51.466452,5.371045,0.27,21
135306,51.466452,5.371045,0.29,21
135306,51.466452,5.371045,0.31,21
135306,51.466452,5.371045,0.32,21
135306,51.466452,5.371045,0.34,21
135306,51.466452,5.371045,0.3,21
135306,51.466452,5.371045,0.3,21
135307,51.466416,5.370982,0.26,21
135307,51.466416,5.370982,0.28,21
135307,51.466416,5.370982,0.22,21
135307,51.466416,5.370982,0.34,21
135307,51.466416,5.370982,0.28,21
135307,51.466416,5.370982,0.28,21
135307,51.466416,5.370982,0.33,21
135307,51.466416,5.370982,0.3,21
135307,51.466416,5.370982,0.33,21
135308,51.466361,5.370888,0.3,20
135308,51.466361,5.370888,0.14,20
135308,51.466361,5.370888,0.37,20
135308,51.466361,5.370888,0.61,20
135308,51.466361,5.370888,0.3,20
135308,51.466361,5.370888,0.49,20
135308,51.466361,5.370888,0.46,20
135308,51.466361,5.370888,0.34,20
135308,51.466361,5.370888,0.34,20
135308,51.466361,5.370888,0.36,20
135309,51.466307,5.370757,0.52,20
135309,51.466307,5.370757,0.41,20
135309,51.466307,5.370757,0.37,20
135309,51.466307,5.370757,0.32,20
135309,51.466307,5.370757,0.36,20
135309,51.466307,5.370757,0.18,20
135309,51.466307,5.370757,0.23,20
135309,51.466307,5.370757,0.1,20
135309,51.466307,5.370757,0.23,20
135309,51.466307,5.370757,0.14,20
135309,51.466307,5.370757,0.38,20
135310,51.466245,5.370603,0.26,21
135310,51.466245,5.370603,0.4,21
135310,51.466245,5.370603,0.24,21
135310,51.466245,5.370603,0.33,21
135310,51.466245,5.370603,0.36,21
135310,51.466245,5.370603,0.26,21
135310,51.466245,5.370603,0.34,21
135310,51.466245,5.370603,0.5,21
135310,51.466245,5.370603,0.43,21
135311,51.466189,5.370452,0.46,21
135311,51.466189,5.370452,0.58,21
135311,51.466189,5.370452,0.59,21
135311,51.466189,5.370452,0.55,21
135311,51.466189,5.370452,0.54,21
135311,51.466189,5.370452,0.49,21
135311,51.466189,5.370452,0.49,21
135311,51.466189,5.370452,0.39,21
135311,51.466189,5.370452,0.62,21
135311,51.466189,5.370452,0.51,21
135312,51.466169,5.370302,0.66,21
135312,51.466169,5.370302,0.54,21
135312,51.466169,5.370302,0.47,21
135312,51.466169,5.370302,0.59,21
135312,51.466169,5.370302,0.55,21
135312,51.466169,5.370302,0.48,21
135312,51.466169,5.370302,0.57,21
135312,51.466169,5.370302,0.49,21
135312,51.466169,5.370302,0.69,21
135312,51.466169,5.370302,0.58,21
135313,51.466189,5.370146,0.53,21
135313,51.466189,5.370146,0.6,21
135313,51.466189,5.370146,0.54,21
135313,51.466189,5.370146,0.53,21
135313,51.466189,5.370146,0.53,21
135313,51.466189,5.370146,0.67,21
135313,51.466189,5.370146,0.44,21
135313,51.466189,5.370146,0.6,21
135313,51.466189,5.370146,0.5,21
135313,51.466189,5.370146,0.62,21
135314,51.466239,5.370011,0.47,21
135314,51.466239,5.370011,0.54,21
135314,51.466239,5.370011,0.49,21
135314,51.466239,5.370011,0.54,21
135314,51.466239,5.370011,0.54,21
135314,51.466239,5.370011,0.41,21
135314,51.466239,5.370011,0.5,21
135314,51.466239,5.370011,0.49,21
135314,51.466239,5.370011,0.51,21
135314,51.466239,5.370011,0.37,21
135315,51.466293,5.369917,0.47,21
135315,51.466293,5.369917,0.29,21
135315,51.466293,5.369917,0.24,21
135315,51.466293,5.369917,0.53,21
135315,51.466293,5.369917,0.47,21
135315,51.466293,5.369917,0.23,21
135315,51.466293,5.369917,0.18,21
135315,51.466293,5.369917,0.24,21
135315,51.466293,5.369917,0.26,21
135315,51.466293,5.369917,0.16,21
135316,51.466361,5.36991,0.25,21
135316,51.466361,5.36991,0.32,21
135316,51.466361,5.36991,0.44,21
135316,51.466361,5.36991,0.24,21
135316,51.466361,5.36991,0.21,21
135316,51.466361,5.36991,0.37,21
135316,51.466361,5.36991,0.48,21
135316,51.466361,5.36991,0.35,21
135316,51.466361,5.36991,0.37,21
135316,51.466361,5.36991,0.42,21
135317,51.46644,5.370001,0.45,21
135317,51.46644,5.370001,0.44,21
135317,51.46644,5.370001,0.5,21
135317,51.46644,5.370001,0.46,21
135317,51.46644,5.370001,0.37,21
135317,51.46644,5.370001,0.34,21
135317,51.46644,5.370001,0.18,21
135317,51.46644,5.370001,0.22,21
135317,51.46644,5.370001,0.13,21
135317,51.46644,5.370001,0.16,21
135318,51.466517,5.370064,0.13,21
135318,51.466517,5.370064,0.2,21
135318,51.466517,5.370064,0.38,21
135318,51.466517,5.370064,0.29,21
135318,51.466517,5.370064,0.27,21
135318,51.466517,5.370064,0.34,21
135318,51.466517,5.370064,0.33,21
135318,51.466517,5.370064,0.32,21
135318,51.466517,5.370064,0.14,21
135318,51.466517,5.370064,0.37,21
135319,51.466592,5.370083,0.22,21
135319,51.466592,5.370083,0.07,21
135319,51.466592,5.370083,0.19,21
135319,51.466592,5.370083,0.39,21
135319,51.466592,5.370083,0.26,21
135319,51.466592,5.370083,0.13,21
135319,51.466592,5.370083,0.12,21
135319,51.466592,5.370083,0.2,21
135319,51.466592,5.370083,0.09,21
135319,51.466592,5.370083,0.05,21
135320,51.466681,5.370068,0.15,21
135320,51.466681,5.370068,0.2,21
135320,51.466681,5.370068,0.14,21
135320,51.466681,5.370068,0.12,21
135320,51.466681,5.370068,0.18,21
135320,51.466681,5.370068,0.2,21
135320,51.466681,5.370068,0.22,21
135320,51.466681,5.370068,0.23,21
135320,51.466681,5.370068,0.24,21
135320,51.466681,5.370068,0.19,21
135321,51.466769,5.370051,0.15,21
135321,51.466769,5.370051,0.23,21
135321,51.466769,5.370051,0.13,21
135321,51.466769,5.370051,0.15,21
135321,51.466769,5.370051,0.21,21
135321,51.466769,5.370051,0.09,21
135321,51.466769,5.370051,0.07,21
135321,51.466769,5.370051,0.04,21
135321,51.466769,5.370051,0.07,21
135322,51.466869,5.370032,0.04,21
135322,51.466869,5.370032,0.05,21
135322,51.466869,5.370032,0.07,21
135322,51.466869,5.370032,0.04,21
135322,51.466869,5.370032,0.1,21
135322,51.466869,5.370032,0.01,21
135322,51.466869,5.370032,0.18,21
135322,51.466869,5.370032,0.05,21
135322,51.466869,5.370032,0.18,21
135322,51.466869,5.370032,0.06,21
135323,51.467004,5.370006,0.08,21
135323,51.467004,5.370006,0.09,21
135323,51.467004,5.370006,0.03,21
135323,51.467004,5.370006,0.13,21
135323,51.467004,5.370006,0.09,21
135323,51.467004,5.370006,0.24,21
135323,51.467004,5.370006,0.22,21
135323,51.467004,5.370006,0.35,21
135323,51.467004,5.370006,0.33,21
135323,51.467004,5.370006,0.39,21
135324,51.467153,5.369983,0.45,21
135324,51.467153,5.369983,0.52,21
135324,51.467153,5.369983,0.53,21
135324,51.467153,5.369983,0.52,21
135324,51.467153,5.369983,0.34,21
135324,51.467153,5.369983,0.38,21
135324,51.467153,5.369983,0.2,21
135324,51.467153,5.369983,0.26,21
135324,51.467153,5.369983,0.26,21
135324,51.467153,5.369983,0.19,21
135325,51.467287,5.369993,0.23,21
135325,51.467287,5.369993,0.25,21
135325,51.467287,5.369993,0.36,21
135325,51.467287,5.369993,0.39,21
135325,51.467287,5.369993,0.37,21
135325,51.467287,5.369993,0.33,21
135325,51.467287,5.369993,0.29,21
135325,51.467287,5.369993,0.32,21
135325,51.467287,5.369993,0.26,21
135325,51.467287,5.369993,0.23,21
135326,51.46742,5.370056,0.18,20
135326,51.46742,5.370056,0.22,20
135326,51.46742,5.370056,0.16,20
135326,51.46742,5.370056,0.15,20
135326,51.46742,5.370056,0.04,20
135326,51.46742,5.370056,0.29,20
135326,51.46742,5.370056,0.11,20
135326,51.46742,5.370056,0.27,20
135326,51.46742,5.370056,0.26,20
135326,51.46742,5.370056,0.27,20
135327,51.467551,5.370153,0.38,19
135327,51.467551,5.370153,0.36,19
135327,51.467551,5.370153,0.41,19
135327,51.467551,5.370153,0.33,19
135327,51.467551,5.370153,0.36,19
135327,51.467551,5.370153,0.31,19
135327,51.467551,5.370153,0.76,19
135327,51.467551,5.370153,0.63,19
135327,51.467551,5.370153,0.52,19
135327,51.467551,5.370153,0.52,19
135328,51.467668,5.370248,0.46,18
135328,51.467668,5.370248,0.52,18
135328,51.467668,5.370248,0.51,18
135328,51.467668,5.370248,0.47,18
135328,51.467668,5.370248,0.43,18
135328,51.467668,5.370248,0.46,18
135328,51.467668,5.370248,0.46,18
135328,51.467668,5.370248,0.47,18
135328,51.467668,5.370248,0.53,18
135328,51.467668,5.370248,0.53,18
135329,51.467751,5.370328,0.48,19
135329,51.467751,5.370328,0.49,19
135329,51.467751,5.370328,0.49,19
135329,51.467751,5.370328,0.47,19
135329,51.467751,5.370328,0.48,19
135329,51.467751,5.370328,0.55,19
135329,51.467751,5.370328,0.5,19
135329,51.467751,5.370328,0.48,19
135329,51.467751,5.370328,0.41,19
135329,51.467751,5.370328,0.39,19
135330,51.467809,5.37043,0.32,19
135330,51.467809,5.37043,0.37,19
135330,51.467809,5.37043,0.3,19
135330,51.467809,5.37043,0.42,19
135330,51.467809,5.37043,0.27,19
135330,51.467809,5.37043,0.34,19
135330,51.467809,5.37043,0.39,19
135330,51.467809,5.37043,0.36,19
135330,51.467809,5.37043,0.37,19
135330,51.467809,5.37043,0.12,19
135331,51.467851,5.370589,0.08,20
135331,51.467851,5.370589,0.04,20
135331,51.467851,5.370589,0.07,20
135331,51.467851,5.370589,0.05,20
135331,51.467851,5.370589,0.1,20
135331,51.467851,5.370589,0.13,20
135331,51.467851,5.370589,0.28,20
135331,51.467851,5.370589,0.43,20
135331,51.467851,5.370589,0.56,20
135331,51.467851,5.370589,0.18,20
135332,51.46787,5.37082,0.22,20
135332,51.46787,5.37082,0.11,20
135332,51.46787,5.37082,0.16,20
135332,51.46787,5.37082,0.18,20
135332,51.46787,5.37082,0.23,20
135332,51.46787,5.37082,0.16,20
135332,51.46787,5.37082,0.01,20
135332,51.46787,5.37082,0.3,20
135332,51.46787,5.37082,0.13,20
135332,51.46787,5.37082,0.39,20
135333,51.467898,5.371067,0.39,20
135333,51.467898,5.371067,0.32,20
135333,51.467898,5.371067,0.38,20
135333,51.467898,5.371067,0.43,20
135333,51.467898,5.371067,0.47,20
135333,51.467898,5.371067,0.47,20
135333,51.467898,5.371067,0.41,20
135333,51.467898,5.371067,0.4,20
135333,51.467898,5.371067,0.34,20
135333,51.467898,5.371067,0.47,20
135334,51.467921,5.371307,0.43,20
135334,51.467921,5.371307,0.48,20
135334,51.467921,5.371307,0.47,20
135334,51.467921,5.371307,0.45,20
135334,51.467921,5.371307,0.48,20
135334,51.467921,5.371307,0.45,20
135334,51.467921,5.371307,0.38,20
135334,51.467921,5.371307,0.39,20
135334,51.467921,5.371307,0.31,20
135334,51.467921,5.371307,0.32,20
135335,51.467924,5.371502,0.35,20
135335,51.467924,5.371502,0.48,20
135335,51.467924,5.371502,0.41,20
135335,51.467924,5.371502,0.33,20
135335,51.467924,5.371502,0.33,20
135335,51.467924,5.371502,0.45,20
135335,51.467924,5.371502,0.36,20
135335,51.467924,5.371502,0.38,20
135335,51.467924,5.371502,0.53,20
135336,51.467896,5.371666,0.44,20
135336,51.467896,5.371666,0.37,20
135336,51.467896,5.371666,0.42,20
135336,51.467896,5.371666,0.44,20
135336,51.467896,5.371666,0.4,20
135336,51.467896,5.371666,0.34,20
135336,51.467896,5.371666,0.46,20
135336,51.467896,5.371666,0.43,20
135336,51.467896,5.371666,0.46,20
135336,51.467896,5.371666,0.51,20
135337,51.467838,5.371792,0.52,20
135337,51.467838,5.371792,0.47,20
135337,51.467838,5.371792,0.52,20
135337,51.467838,5.371792,0.5,20
135337,51.467838,5.371792,0.55,20
135337,51.467838,5.371792,0.55,20
135337,51.467838,5.371792,0.56,20
135337,51.467838,5.371792,0.54,20
135337,51.467838,5.371792,0.44,20
135337,51.467838,5.371792,0.54,20
135338,51.467777,5.371869,0.41,20
135338,51.467777,5.371869,0.35,20
135338,51.467777,5.371869,0.33,20
135338,51.467777,5.371869,0.23,20
135338,51.467777,5.371869,0.17,20
135338,51.467777,5.371869,0.16,20
135338,51.467777,5.371869,0.28,20
135338,51.467777,5.371869,0.24,20
135338,51.467777,5.371869,0.23,20
135338,51.467777,5.371869,0.22,20
135339,51.467729,5.371873,0.31,19
135339,51.467729,5.371873,0.27,19
135339,51.467729,5.371873,0.39,19
135339,51.467729,5.371873,0.37,19
135339,51.467729,5.371873,0.36,19
135339,51.467729,5.371873,0.38,19
135339,51.467729,5.371873,0.38,19
135339,51.467729,5.371873,0.35,19
135339,51.467729,5.371873,0.39,19
135339,51.467729,5.371873,0.45,19
135340,51.46769,5.371831,0.43,19
135340,51.46769,5.371831,0.44,19
135340,51.46769,5.371831,0.43,19
135340,51.46769,5.371831,0.48,19
135340,51.46769,5.371831,0.38,19
135340,51.46769,5.371831,0.24,19
135340,51.46769,5.371831,0.16,19
135340,51.46769,5.371831,0.58,19
135340,51.46769,5.371831,0.21,19
135340,51.46769,5.371831,0.2,19
135341,51.46766,5.371749,0.43,19
135341,51.46766,5.371749,0.38,19
135341,51.46766,5.371749,0.32,19
135341,51.46766,5.371749,0.36,19
135341,51.46766,5.371749,0.39,19
135341,51.46766,5.371749,0.28,19
135341,51.46766,5.371749,0.31,19
135341,51.46766,5.371749,0.35,19
135341,51.46766,5.371749,0.29,19
135341,51.46766,5.371749,0.37,19
135342,51.467654,5.37163,0.43,20
135342,51.467654,5.37163,0.31,20
135342,51.467654,5.37163,0.39,20
135342,51.467654,5.37163,0.4,20
135342,51.467654,5.37163,0.29,20
135342,51.467654,5.37163,0.33,20
135342,51.467654,5.37163,0.33,20
135342,51.467654,5.37163,0.39,20
135342,51.467654,5.37163,0.46,20
135342,51.467654,5.37163,0.29,20
135343,51.467649,5.371485,0.49,20
135343,51.467649,5.371485,0.23,20
135343,51.467649,5.371485,0.38,20
135343,51.467649,5.371485,0.24,20
135343,51.467649,5.371485,0.42,20
135343,51.467649,5.371485,0.09,20
135343,51.467649,5.371485,0.31,20
135343,51.467649,5.371485,0.17,20
135343,51.467649,5.371485,0.2,20
135343,51.467649,5.371485,0.19,20
135344,51.467644,5.371311,0.15,20
135344,51.467644,5.371311,0.34,20
135344,51.467644,5.371311,0.32,20
135344,51.467644,5.371311,0.27,20
135344,51.467644,5.371311,0.25,20
135344,51.467644,5.371311,0.32,20
135344,51.467644,5.371311,0.18,20
135344,51.467644,5.371311,0.28,20
135344,51.467644,5.371311,0.32,20
135344,51.467644,5.371311,0.28,20
135345,51.467641,5.371133,0.31,21
135345,51.467641,5.371133,0.31,21
135345,51.467641,5.371133,0.41,21
135345,51.467641,5.371133,0.39,21
135345,51.467641,5.371133,0.38,21
135345,51.467641,5.371133,0.44,21
135345,51.467641,5.371133,0.43,21
135345,51.467641,5.371133,0.37,21
135345,51.467641,5.371133,0.51,21
135345,51.467641,5.371133,0.47,21
135346,51.467635,5.370988,0.38,21
135346,51.467635,5.370988,0.59,21
135346,51.467635,5.370988,0.57,21
135346,51.467635,5.370988,0.71,21
135346,51.467635,5.370988,0.68,21
135346,51.467635,5.370988,0.66,21
135346,51.467635,5.370988,0.75,21
135346,51.467635,5.370988,0.68,21
135346,51.467635,5.370988,0.76,21
135346,51.467635,5.370988,0.64,21
135347,51.467605,5.370886,0.68,21
135347,51.467605,5.370886,0.74,21
135347,51.467605,5.370886,0.74,21
135347,51.467605,5.370886,0.7,21
135347,51.467605,5.370886,0.7,21
135347,51.467605,5.370886,0.74,21
135347,51.467605,5.370886,0.7,21
135347,51.467605,5.370886,0.67,21
135347,51.467605,5.370886,0.72,21
135347,51.467605,5.370886,0.59,21
135348,51.467546,5.370831,0.65,21
135348,51.467546,5.370831,0.61,21
135348,51.467546,5.370831,0.48,21
135348,51.467546,5.370831,0.45,21
135348,51.467546,5.370831,0.45,21
135348,51.467546,5.370831,0.46,21
135348,51.467546,5.370831,0.43,21
135348,51.467546,5.370831,0.47,21
135348,51.467546,5.370831,0.78,21
135348,51.467546,5.370831,0.73,21
135349,51.467468,5.37085,0.61,21
135349,51.467468,5.37085,0.88,21
135349,51.467468,5.37085,0.99,21
135349,51.467468,5.37085,0.62,21
135349,51.467468,5.37085,0.3,21
135349,51.467468,5.37085,0.1,21
135349,51.467468,5.37085,0.25,21
135349,51.467468,5.37085,0.38,21
135349,51.467468,5.37085,0.38,21
135349,51.467468,5.37085,0.42,21
135350,51.467424,5.370936,0.37,21
135350,51.467424,5.370936,0.28,21
135350,51.467424,5.370936,0.35,21
135350,51.467424,5.370936,0.23,21
135350,51.467424,5.370936,0.2,21
135350,51.467424,5.370936,0.2,21
135350,51.467424,5.370936,0.15,21
135350,51.467424,5.370936,0.22,21
135350,51.467424,5.370936,0.25,21
135350,51.467424,5.370936,0.21,21
135351,51.467405,5.371046,0.26,21
135351,51.467405,5.371046,0.19,21
135351,51.467405,5.371046,0.16,21
135351,51.467405,5.371046,0.18,21
135351,51.467405,5.371046,0.1,21
135351,51.467405,5.371046,0.18,21
135351,51.467405,5.371046,0.12,21
135351,51.467405,5.371046,0.22,21
135351,51.467405,5.371046,0.14,21
135351,51.467405,5.371046,0.16,21
135352,51.467411,5.371232,0.17,21
135352,51.467411,5.371232,0.06,21
135352,51.467411,5.371232,0.16,21
135352,51.467411,5.371232,0.15,21
135352,51.467411,5.371232,0.19,21
135352,51.467411,5.371232,0.23,21
135352,51.467411,5.371232,0.29,21
135352,51.467411,5.371232,0.34,21
135352,51.467411,5.371232,0.33,21
135353,51.467384,5.371448,0.3,21
135353,51.467384,5.371448,0.36,21
135353,51.467384,5.371448,0.27,21
135353,51.467384,5.371448,0.31,21
135353,51.467384,5.371448,0.17,21
135353,51.467384,5.371448,0.27,21
135353,51.467384,5.371448,0.17,21
135353,51.467384,5.371448,0.13,21
135353,51.467384,5.371448,0.2,21
135353,51.467384,5.371448,0.24,21
135354,51.467341,5.371651,0.12,21
135354,51.467341,5.371651,0.12,21
135354,51.467341,5.371651,0.04,21
135354,51.467341,5.371651,0.05,21
135354,51.467341,5.371651,0.2,21
135354,51.467341,5.371651,0.26,21
135354,51.467341,5.371651,0.39,21
135354,51.467341,5.371651,0.44,21
135354,51.467341,5.371651,0.38,21
135354,51.467341,5.371651,0.44,21
135355,51.467291,5.371838,0.48,21
135355,51.467291,5.371838,0.37,21
135355,51.467291,5.371838,0.34,21
135355,51.467291,5.371838,0.28,21
135355,51.467291,5.371838,0.3,21
135355,51.467291,5.371838,0.24,21
135355,51.467291,5.371838,0.31,21
135355,51.467291,5.371838,0.29,21
135355,51.467291,5.371838,0.36,21
135355,51.467291,5.371838,0.49,21
135356,51.46724,5.371991,0.42,21
135356,51.46724,5.371991,0.24,21
135356,51.46724,5.371991,0.36,21
135356,51.46724,5.371991,0.44,21
135356,51.46724,5.371991,0.41,21
135356,51.46724,5.371991,0.76,21
135356,51.46724,5.371991,0.67,21
135356,51.46724,5.371991,0.68,21
135356,51.46724,5.371991,0.56,21
135356,51.46724,5.371991,0.63,21
135357,51.467209,5.372096,0.67,21
135357,51.467209,5.372096,0.66,21
135357,51.467209,5.372096,0.64,21
135357,51.467209,5.372096,0.6,21
135357,51.467209,5.372096,0.6,21
135357,51.467209,5.372096,0.74,21
135357,51.467209,5.372096,0.69,21
135357,51.467209,5.372096,0.64,21
135357,51.467209,5.372096,0.68,21
135357,51.467209,5.372096,0.74,21
135358,51.467207,5.372182,0.75,21
135358,51.467207,5.372182,0.58,21
135358,51.467207,5.372182,0.65,21
135358,51.467207,5.372182,0.59,21
135358,51.467207,5.372182,0.64,21
135358,51.467207,5.372182,0.69,21
135358,51.467207,5.372182,0.71,21
135358,51.467207,5.372182,0.71,21
135358,51.467207,5.372182,0.71,21
135358,51.467207,5.372182,0.54,21
135359,51.467265,5.372256,0.49,20
135359,51.467265,5.372256,0.53,20
135359,51.467265,5.372256,0.59,20
135359,51.467265,5.372256,0.53,20
135359,51.467265,5.372256,0.47,20
135359,51.467265,5.372256,0.51,20
135359,51.467265,5.372256,0.44,20
135359,51.467265,5.372256,0.43,20
135359,51.467265,5.372256,0.42,20
135359,51.467265,5.372256,0.44,20
135400,51.467372,5.372276,0.38,19
135400,51.467372,5.372276,0.4,19
135400,51.467372,5.372276,0.41,19
135400,51.467372,5.372276,0.32,19
135400,51.467372,5.372276,0.19,19
135400,51.467372,5.372276,0.47,19
135400,51.467372,5.372276,0.46,19
135400,51.467372,5.372276,0.38,19
135400,51.467372,5.372276,0.41,19
135401,51.467513,5.372246,0.33,18
135401,51.467513,5.372246,0.35,18
135401,51.467513,5.372246,0.25,18
135401,51.467513,5.372246,0.33,18
135401,51.467513,5.372246,0.33,18
135401,51.467513,5.372246,0.29,18
135401,51.467513,5.372246,0.41,18
135401,51.467513,5.372246,0.43,18
135401,51.467513,5.372246,0.5,18
135401,51.467513,5.372246,0.45,18
135402,51.467652,5.372189,0.52,18
135402,51.467652,5.372189,0.53,18
135402,51.467652,5.372189,0.48,18
135402,51.467652,5.372189,0.45,18
135402,51.467652,5.372189,0.44,18
135402,51.467652,5.372189,0.4,18
135402,51.467652,5.372189,0.43,18
135402,51.467652,5.372189,0.46,18
135402,51.467652,5.372189,0.46,18
135402,51.467652,5.372189,0.48,18
135403,51.467787,5.372084,0.57,18
135403,51.467787,5.372084,0.49,18
135403,51.467787,5.372084,0.56,18
135403,51.467787,5.372084,0.51,18
135403,51.467787,5.372084,0.54,18
135403,51.467787,5.372084,0.61,18
135403,51.467787,5.372084,0.59,18
135403,51.467787,5.372084,0.54,18
135403,51.467787,5.372084,0.54,18
135403,51.467787,5.372084,0.56,18
135404,51.467913,5.37192,0.56,17
135404,51.467913,5.37192,0.57,17
135404,51.467913,5.37192,0.56,17
135404,51.467913,5.37192,0.58,17
135404,51.467913,5.37192,0.52,17
135404,51.467913,5.37192,0.57,17
135404,51.467913,5.37192,0.61,17
135404,51.467913,5.37192,0.52,17
135404,51.467913,5.37192,0.58,17
135404,51.467913,5.37192,0.54,17
135405,51.468009,5.371696,0.55,17
135405,51.468009,5.371696,0.48,17
135405,51.468009,5.371696,0.32,17
135405,51.468009,5.371696,0.3,17
135405,51.468009,5.371696,0.27,17
135405,51.468009,5.371696,0.29,17
135405,51.468009,5.371696,0.24,17
135405,51.468009,5.371696,0.31,17
135405,51.468009,5.371696,0.34,17
135405,51.468009,5.371696,0.43,17
135406,51.468074,5.371436,0.41,18
135406,51.468074,5.371436,0.39,18
135406,51.468074,5.371436,0.41,18
135406,51.468074,5.371436,0.41,18
135406,51.468074,5.371436,0.6,18
135406,51.468074,5.371436,0.6,18
135406,51.468074,5.371436,0.65,18
135406,51.468074,5.371436,0.62,18
135406,51.468074,5.371436,0.64,18
135406,51.468074,5.371436,0.59,18
135407,51.468113,5.371151,0.62,18
135407,51.468113,5.371151,0.67,18
135407,51.468113,5.371151,0.74,18
135407,51.468113,5.371151,0.62,18
135407,51.468113,5.371151,0.68,18
135407,51.468113,5.371151,0.56,18
135407,51.468113,5.371151,0.64,18
135407,51.468113,5.371151,0.69,18
135407,51.468113,5.371151,0.64,18
135407,51.468113,5.371151,0.58,18
135408,51.468113,5.37086,0.62,18
135408,51.468113,5.37086,0.6,18
135408,51.468113,5.37086,0.63,18
135408,51.468113,5.37086,0.64,18
135408,51.468113,5.37086,0.71,18
135408,51.468113,5.37086,0.57,18
135408,51.468113,5.37086,0.68,18
135408,51.468113,5.37086,0.63,18
135408,51.468113,5.37086,0.74,18
135408,51.468113,5.37086,0.69,18
135409,51.468067,5.370575,0.64,19
135409,51.468067,5.370575,0.6,19
135409,51.468067,5.370575,0.55,19
135409,51.468067,5.370575,0.66,19
135409,51.468067,5.370575,0.67,19
135409,51.468067,5.370575,0.71,19
135409,51.468067,5.370575,0.71,19
135409,51.468067,5.370575,0.76,19
135409,51.468067,5.370575,0.84,19
135409,51.468067,5.370575,0.79,19
135410,51.467982,5.370312,0.72,19
135410,51.467982,5.370312,0.68,19
135410,51.467982,5.370312,0.6,19
135410,51.467982,5.370312,0.5,19
135410,51.467982,5.370312,0.43,19
135410,51.467982,5.370312,0.51,19
135410,51.467982,5.370312,0.51,19
135410,51.467982,5.370312,0.43,19
135410,51.467982,5.370312,0.5,19
135410,51.467982,5.370312,0.43,19
135411,51.467843,5.370111,0.51,20
135411,51.467843,5.370111,0.39,20
135411,51.467843,5.370111,0.38,20
135411,51.467843,5.370111,0.31,20
135411,51.467843,5.370111,0.42,20
135411,51.467843,5.370111,0.39,20
135411,51.467843,5.370111,0.54,20
135411,51.467843,5.370111,0.11,20
135411,51.467843,5.370111,0.2,20
135411,51.467843,5.370111,0.37,20
135412,51.467664,5.369952,0.33,20
135412,51.467664,5.369952,0.22,20
135412,51.467664,5.369952,0.14,20
135412,51.467664,5.369952,0.15,20
135412,51.467664,5.369952,0.14,20
135412,51.467664,5.369952,0.14,20
135412,51.467664,5.369952,0.11,20
135412,51.467664,5.369952,0.12,20
135412,51.467664,5.369952,0.11,20
135412,51.467664,5.369952,0.27,20
135413,51.467455,5.369824,0.11,20
135413,51.467455,5.369824,0.19,20
135413,51.467455,5.369824,0.15,20
135413,51.467455,5.369824,0.18,20
135413,51.467455,5.369824,0.21,20
135413,51.467455,5.369824,0.19,20
135413,51.467455,5.369824,0.2,20
135413,51.467455,5.369824,0.19,20
135413,51.467455,5.369824,0.2,20
135413,51.467455,5.369824,0.14,20
135414,51.467247,5.369687,0.14,20
135414,51.467247,5.369687,0.17,20
135414,51.467247,5.369687,0.19,20
135414,51.467247,5.369687,0.18,20
135414,51.467247,5.369687,0.21,20
135414,51.467247,5.369687,0.2,20
135414,51.467247,5.369687,0.21,20
135414,51.467247,5.369687,0.17,20
135414,51.467247,5.369687,0.28,20
135414,51.467247,5.369687,0.28,20
135415,51.467033,5.369534,0.23,21
135415,51.467033,5.369534,0.11,21
135415,51.467033,5.369534,0.3,21
135415,51.467033,5.369534,0.12,21
135415,51.467033,5.369534,0.19,21
135415,51.467033,5.369534,0.16,21
135415,51.467033,5.369534,0.22,21
135415,51.467033,5.369534,0.09,21
135415,51.467033,5.369534,0.17,21
135415,51.467033,5.369534,0.15,21
135416,51.466809,5.369371,0.3,20
135416,51.466809,5.369371,0.22,20
135416,51.466809,5.369371,0.34,20
135416,51.466809,5.369371,0.34,20
135416,51.466809,5.369371,0.33,20
135416,51.466809,5.369371,0.37,20
135416,51.466809,5.369371,0.31,20
135416,51.466809,5.369371,0.28,20
135416,51.466809,5.369371,0.32,20
135416,51.466809,5.369371,0.37,20
135417,51.466588,5.36921,0.35,19
135417,51.466588,5.36921,0.3,19
135417,51.466588,5.36921,0.3,19
135417,51.466588,5.36921,0.4,19
135417,51.466588,5.36921,0.46,19
135417,51.466588,5.36921,0.56,19
135417,51.466588,5.36921,0.58,19
135417,51.466588,5.36921,0.62,19
135417,51.466588,5.36921,0.53,19
135417,51.466588,5.36921,0.56,19
135418,51.466385,5.369078,0.58,19
135418,51.466385,5.369078,0.58,19
135418,51.466385,5.369078,0.54,19
135418,51.466385,5.369078,0.58,19
135418,51.466385,5.369078,0.58,19
135418,51.466385,5.369078,0.54,19
135418,51.466385,5.369078,0.59,19
135418,51.466385,5.369078,0.49,19
135418,51.466385,5.369078,0.56,19
135418,51.466385,5.369078,0.51,19
135419,51.466198,5.369009,0.58,19
135419,51.466198,5.369009,0.6,19
135419,51.466198,5.369009,0.68,19
135419,51.466198,5.369009,0.69,19
135419,51.466198,5.369009,0.64,19
135419,51.466198,5.369009,0.64,19
135419,51.466198,5.369009,0.65,19
135419,51.466198,5.369009,0.66,19
135419,51.466198,5.369009,0.71,19
135419,51.466198,5.369009,0.73,19
135420,51.466017,5.369004,0.71,19
135420,51.466017,5.369004,0.7,19
135420,51.466017,5.369004,0.73,19
135420,51.466017,5.369004,0.66,19
135420,51.466017,5.369004,0.66,19
135420,51.466017,5.369004,0.69,19
135420,51.466017,5.369004,0.63,19
135420,51.466017,5.369004,0.65,19
135420,51.466017,5.369004,0.48,19
135420,51.466017,5.369004,0.5,19
135421,51.465839,5.369057,0.53,18
135421,51.465839,5.369057,0.55,18
135421,51.465839,5.369057,0.56,18
135421,51.465839,5.369057,0.6,18
135421,51.465839,5.369057,0.56,18
135421,51.465839,5.369057,0.65,18
135421,51.465839,5.369057,0.69,18
135421,51.465839,5.369057,0.6,18
135421,51.465839,5.369057,0.61,18
135421,51.465839,5.369057,0.58,18
135422,51.46568,5.369174,0.58,19
135422,51.46568,5.369174,0.58,19
135422,51.46568,5.369174,0.59,19
135422,51.46568,5.369174,0.56,19
135422,51.46568,5.369174,0.57,19
135422,51.46568,5.369174,0.63,19
135422,51.46568,5.369174,0.61,19
135422,51.46568,5.369174,0.6,19
135422,51.46568,5.369174,0.57,19
135422,51.46568,5.369174,0.58,19
135423,51.465573,5.369378,0.55,19
135423,51.465573,5.369378,0.47,19
135423,51.465573,5.369378,0.47,19
135423,51.465573,5.369378,0.43,19
135423,51.465573,5.369378,0.39,19
135423,51.465573,5.369378,0.27,19
135423,51.465573,5.369378,0.21,19
135423,51.465573,5.369378,0.24,19
135423,51.465573,5.369378,0.32,19
135424,51.465508,5.369633,0.24,20
135424,51.465508,5.369633,0.24,20
135424,51.465508,5.369633,0.22,20
135424,51.465508,5.369633,0.23,20
135424,51.465508,5.369633,0.18,20
135424,51.465508,5.369633,0.2,20
135424,51.465508,5.369633,0.17,20
135424,51.465508,5.369633,0.17,20
135424,51.465508,5.369633,0.18,20
135424,51.465508,5.369633,0.14,20
135425,51.465488,5.369948,0.19,20
135425,51.465488,5.369948,0.21,20
135425,51.465488,5.369948,0.2,20
135425,51.465488,5.369948,0.16,20
135425,51.465488,5.369948,0.2,20
135425,51.465488,5.369948,0.14,20
135425,51.465488,5.369948,0.17,20
135425,51.465488,5.369948,0.21,20
135425,51.465488,5.369948,0.13,20
135425,51.465488,5.369948,0.14,20
135426,51.465458,5.370265,0.17,19
135426,51.465458,5.370265,0.2,19
135426,51.465458,5.370265,0.19,19
135426,51.465458,5.370265,0.17,19
135426,51.465458,5.370265,0.17,19
135426,51.465458,5.370265,0.21,19
135426,51.465458,5.370265,0.14,19
135426,51.465458,5.370265,0.21,19
135426,51.465458,5.370265,0.28,19
135426,51.465458,5.370265,0.21,19
135427,51.465416,5.370579,0.21,19
135427,51.465416,5.370579,0.23,19
135427,51.465416,5.370579,0.26,19
135427,51.465416,5.370579,0.25,19
135427,51.465416,5.370579,0.3,19
135427,51.465416,5.370579,0.29,19
135427,51.465416,5.370579,0.37,19
135427,51.465416,5.370579,0.3,19
135427,51.465416,5.370579,0.41,19
135427,51.465416,5.370579,0.41,19
135428,51.465375,5.370907,0.53,19
135428,51.465375,5.370907,0.55,19
135428,51.465375,5.370907,0.57,19
135428,51.465375,5.370907,0.64,19
135428,51.465375,5.370907,0.52,19
135428,51.465375,5.370907,0.5,19
135428,51.465375,5.370907,0.59,19
135428,51.465375,5.370907,0.53,19
135428,51.465375,5.370907,0.55,19
135428,51.465375,5.370907,0.55,19
135429,51.465354,5.371221,0.5,19
135429,51.465354,5.371221,0.59,19
135429,51.465354,5.371221,0.6,19
135429,51.465354,5.371221,0.59,19
135429,51.465354,5.371221,0.63,19
135429,51.465354,5.371221,0.81,19
135429,51.465354,5.371221,0.73,19
135429,51.465354,5.371221,0.8,19
135429,51.465354,5.371221,0.74,19
135429,51.465354,5.371221,0.62,19
135430,51.46537,5.371494,0.62,19
135430,51.46537,5.371494,0.58,19
135430,51.46537,5.371494,0.4,19
135430,51.46537,5.371494,0.26,19
135430,51.46537,5.371494,0.27,19
135430,51.46537,5.371494,0.18,19
135430,51.46537,5.371494,0.4,19
135430,51.46537,5.371494,0.43,19
135430,51.46537,5.371494,0.42,19
135430,51.46537,5.371494,0.51,19
135431,51.465412,5.371724,0.54,20
135431,51.465412,5.371724,0.43,20
135431,51.465412,5.371724,0.44,20
135431,51.465412,5.371724,0.62,20
135431,51.465412,5.371724,0.47,20
135431,51.465412,5.371724,0.47,20
135431,51.465412,5.371724,0.38,20
135431,51.465412,5.371724,0.5,20
135431,51.465412,5.371724,0.49,20
135431,51.465412,5.371724,0.49,20
135432,51.465449,5.371939,0.46,20
135432,51.465449,5.371939,0.46,20
135432,51.465449,5.371939,0.42,20
135432,51.465449,5.371939,0.37,20
135432,51.465449,5.371939,0.41,20
135432,51.465449,5.371939,0.44,20
135432,51.465449,5.371939,0.39,20
135432,51.465449,5.371939,0.38,20
135432,51.465449,5.371939,0.41,20
135432,51.465449,5.371939,0.44,20
135433,51.465455,5.372171,0.34,20
135433,51.465455,5.372171,0.38,20
135433,51.465455,5.372171,0.42,20
135433,51.465455,5.372171,0.4,20
135433,51.465455,5.372171,0.35,20
135433,51.465455,5.372171,0.49,20
135433,51.465455,5.372171,0.51,20
135433,51.465455,5.372171,0.61,20
135433,51.465455,5.372171,0.59,20
135434,51.465415,5.372423,0.55,20
135434,51.465415,5.372423,0.51,20
135434,51.465415,5.372423,0.51,20
135434,51.465415,5.372423,0.51,20
135434,51.465415,5.372423,0.57,20
135434,51.465415,5.372423,0.51,20
135434,51.465415,5.372423,0.59,20
135434,51.465415,5.372423,0.57,20
135434,51.465415,5.372423,0.57,20
135434,51.465415,5.372423,0.61,20
135435,51.465336,5.372646,0.68,19
135435,51.465336,5.372646,0.53,19
135435,51.465336,5.372646,0.53,19
135435,51.465336,5.372646,0.53,19
135435,51.465336,5.372646,0.29,19
135435,51.465336,5.372646,0.12,19
135435,51.465336,5.372646,0.34,19
135435,51.465336,5.372646,0.48,19
135435,51.465336,5.372646,0.58,19
135435,51.465336,5.372646,0.69,19
135436,51.465216,5.372819,0.7,18
135436,51.465216,5.372819,0.8,18
135436,51.465216,5.372819,0.69,18
135436,51.465216,5.372819,0.78,18
135436,51.465216,5.372819,0.78,18
135436,51.465216,5.372819,0.86,18
135436,51.465216,5.372819,0.77,18
135436,51.465216,5.372819,0.73,18
135436,51.465216,5.372819,0.62,18
135436,51.465216,5.372819,0.66,18
135437,51.465089,5.372993,0.65,18
135437,51.465089,5.372993,0.56,18
135437,51.465089,5.372993,0.56,18
135437,51.465089,5.372993,0.49,18
135437,51.465089,5.372993,0.49,18
135437,51.465089,5.372993,0.58,18
135437,51.465089,5.372993,0.52,18
135437,51.465089,5.372993,0.45,18
135437,51.465089,5.372993,0.33,18
135437,51.465089,5.372993,0.5,18
135438,51.465009,5.373244,0.27,19
135438,51.465009,5.373244,0.37,19
135438,51.465009,5.373244,0.38,19
135438,51.465009,5.373244,0.25,19
135438,51.465009,5.373244,0.21,19
135438,51.465009,5.373244,0.28,19
135438,51.465009,5.373244,0.27,19
135438,51.465009,5.373244,0.31,19
135438,51.465009,5.373244,0.14,19
135438,51.465009,5.373244,0.26,19
135439,51.464972,5.373569,0.18,19
135439,51.464972,5.373569,0.07,19
135439,51.464972,5.373569,0.12,19
135439,51.464972,5.373569,0.05,19
135439,51.464972,5.373569,0.08,19
135439,51.464972,5.373569,0.18,19
135439,51.464972,5.373569,0.25,19
135439,51.464972,5.373569,0.29,19
135439,51.464972,5.373569,0.27,19
135439,51.464972,5.373569,0.13,19
135440,51.464935,5.373906,0.21,20
135440,51.464935,5.373906,0.13,20
135440,51.464935,5.373906,0.23,20
135440,51.464935,5.373906,0.15,20
135440,51.464935,5.373906,0.19,20
135440,51.464935,5.373906,0.19,20
135440,51.464935,5.373906,0.21,20
135440,51.464935,5.373906,0.24,20
135440,51.464935,5.373906,0.19,20
135440,51.464935,5.373906,0.23,20
135441,51.464885,5.374247,0.21,21
135441,51.464885,5.374247,0.16,21
135441,51.464885,5.374247,0.19,21
135441,51.464885,5.374247,0.18,21
135441,51.464885,5.374247,0.17,21
135441,51.464885,5.374247,0.17,21
135441,51.464885,5.374247,0.21,21
135441,51.464885,5.374247,0.2,21
135441,51.464885,5.374247,0.12,21
135441,51.464885,5.374247,0.24,21
135442,51.464832,5.374604,0.32,21
135442,51.464832,5.374604,0.3,21
135442,51.464832,5.374604,0.18,21
135442,51.464832,5.374604,0.17,21
135442,51.464832,5.374604,0.2,21
135442,51.464832,5.374604,0.18,21
135442,51.464832,5.374604,0.15,21
135442,51.464832,5.374604,0.23,21
135442,51.464832,5.374604,0.19,21
135442,51.464832,5.374604,0.24,21
135443,51.464776,5.374981,0.22,21
135443,51.464776,5.374981,0.32,21
135443,51.464776,5.374981,0.26,21
135443,51.464776,5.374981,0.28,21
135443,51.464776,5.374981,0.16,21
135443,51.464776,5.374981,0.22,21
135443,51.464776,5.374981,0.12,21
135443,51.464776,5.374981,0.05,21
135443,51.464776,5.374981,0.06,21
135443,51.464776,5.374981,0.14,21
135444,51.464718,5.375375,0.13,21
135444,51.464718,5.375375,0.12,21
135444,51.464718,5.375375,0.1,21
135444,51.464718,5.375375,0.09,21
135444,51.464718,5.375375,0.11,21
135444,51.464718,5.375375,0.1,21
135444,51.464718,5.375375,0.08,21
135444,51.464718,5.375375,0.18,21
135444,51.464718,5.375375,0.15,21
135444,51.464718,5.375375,0.08,21
135445,51.464659,5.375773,0.13,21
135445,51.464659,5.375773,0.12,21
135445,51.464659,5.375773,0.07,21
135445,51.464659,5.375773,0.09,21
135445,51.464659,5.375773,0.12,21
135445,51.464659,5.375773,0.23,21
135445,51.464659,5.375773,0.24,21
135445,51.464659,5.375773,0.24,21
135445,51.464659,5.375773,0.22,21
135445,51.464659,5.375773,0.37,21
135446,51.4646,5.376176,0.38,21
135446,51.4646,5.376176,0.41,21
135446,51.4646,5.376176,0.4,21
135446,51.4646,5.376176,0.39,21
135446,51.4646,5.376176,0.43,21
135446,51.4646,5.376176,0.41,21
135446,51.4646,5.376176,0.32,21
135446,51.4646,5.376176,0.36,21
135446,51.4646,5.376176,0.38,21
135446,51.4646,5.376176,0.34,21
135447,51.464545,5.376548,0.34,21
135447,51.464545,5.376548,0.31,21
135447,51.464545,5.376548,0.28,21
135447,51.464545,5.376548,0.31,21
135447,51.464545,5.376548,0.41,21
135447,51.464545,5.376548,0.4,21
135447,51.464545,5.376548,0.41,21
135447,51.464545,5.376548,0.42,21
135447,51.464545,5.376548,0.38,21
135447,51.464545,5.376548,0.34,21
135448,51.4645,5.376871,0.31,21
135448,51.4645,5.376871,0.35,21
135448,51.4645,5.376871,0.33,21
135448,51.4645,5.376871,0.4,21
135448,51.4645,5.376871,0.35,21
135448,51.4645,5.376871,0.35,21
135448,51.4645,5.376871,0.34,21
135448,51.4645,5.376871,0.35,21
135448,51.4645,5.376871,0.22,21
135448,51.4645,5.376871,0.19,21
135449,51.464465,5.377145,0.32,20
135449,51.464465,5.377145,0.38,20
135449,51.464465,5.377145,0.34,20
135449,51.464465,5.377145,0.38,20
135449,51.464465,5.377145,0.42,20
135449,51.464465,5.377145,0.4,20
135449,51.464465,5.377145,0.4,20
135449,51.464465,5.377145,0.36,20
135449,51.464465,5.377145,0.39,20
135449,51.464465,5.377145,0.35,20
135450,51.464446,5.377385,0.39,20
135450,51.464446,5.377385,0.3,20
135450,51.464446,5.377385,0.3,20
135450,51.464446,5.377385,0.36,20
135450,51.464446,5.377385,0.37,20
135450,51.464446,5.377385,0.43,20
135450,51.464446,5.377385,0.44,20
135450,51.464446,5.377385,0.51,20
135450,51.464446,5.377385,0.52,20
135450,51.464446,5.377385,0.45,20
135451,51.464448,5.377597,0.46,20
135451,51.464448,5.377597,0.48,20
135451,51.464448,5.377597,0.52,20
135451,51.464448,5.377597,0.47,20
135451,51.464448,5.377597,0.53,20
135451,51.464448,5.377597,0.61,20
135451,51.464448,5.377597,0.58,20
135451,51.464448,5.377597,0.62,20
135451,51.464448,5.377597,0.63,20
135452,51.464477,5.377778,0.72,20
135452,51.464477,5.377778,0.61,20
135452,51.464477,5.377778,0.57,20
135452,51.464477,5.377778,0.67,20
135452,51.464477,5.377778,0.55,20
135452,51.464477,5.377778,0.41,20
135452,51.464477,5.377778,0.38,20
135452,51.464477,5.377778,0.37,20
135452,51.464477,5.377778,0.37,20
135452,51.464477,5.377778,0.36,20
135452,51.464477,5.377778,0.52,20
135453,51.46453,5.377907,0.38,20
135453,51.46453,5.377907,0.44,20
135453,51.46453,5.377907,0.5,20
135453,51.46453,5.377907,0.48,20
135453,51.46453,5.377907,0.45,20
135453,51.46453,5.377907,0.44,20
135453,51.46453,5.377907,0.48,20
135453,51.46453,5.377907,0.47,20
135453,51.46453,5.377907,0.5,20
135454,51.464604,5.377998,0.49,19
135454,51.464604,5.377998,0.4,19
135454,51.464604,5.377998,0.41,19
135454,51.464604,5.377998,0.49,19
135454,51.464604,5.377998,0.48,19
135454,51.464604,5.377998,0.5,19
135454,51.464604,5.377998,0.59,19
135454,51.464604,5.377998,0.54,19
135454,51.464604,5.377998,0.49,19
135454,51.464604,5.377998,0.56,19
135454,51.464604,5.377998,0.55,19
135455,51.464703,5.378054,0.56,21
135455,51.464703,5.378054,0.47,21
135455,51.464703,5.378054,0.53,21
135455,51.464703,5.378054,0.54,21
135455,51.464703,5.378054,0.47,21
135455,51.464703,5.378054,0.5,21
135455,51.464703,5.378054,0.48,21
135455,51.464703,5.378054,0.38,21
135455,51.464703,5.378054,0.37,21
135455,51.464703,5.378054,0.32,21
135456,51.46482,5.378062,0.35,21
135456,51.46482,5.378062,0.47,21
135456,51.46482,5.378062,0.18,21
135456,51.46482,5.378062,0.21,21
135456,51.46482,5.378062,0.31,21
135456,51.46482,5.378062,0.3,21
135456,51.46482,5.378062,0.25,21
135456,51.46482,5.378062,0.31,21
135456,51.46482,5.378062,0.42,21
135457,51.46494,5.378015,0.39,19
135457,51.46494,5.378015,0.46,19
135457,51.46494,5.378015,0.52,19
135457,51.46494,5.378015,0.57,19
135457,51.46494,5.378015,0.49,19
135457,51.46494,5.378015,0.52,19
135457,51.46494,5.378015,0.57,19
135457,51.46494,5.378015,0.55,19
135457,51.46494,5.378015,0.56,19
135457,51.46494,5.378015,0.5,19
135458,51.465039,5.37797,0.48,19
135458,51.465039,5.37797,0.43,19
135458,51.465039,5.37797,0.54,19
135458,51.465039,5.37797,0.5,19
135458,51.465039,5.37797,0.52,19
135458,51.465039,5.37797,0.47,19
135458,51.465039,5.37797,0.47,19
135458,51.465039,5.37797,0.52,19
135458,51.465039,5.37797,0.4,19
135458,51.465039,5.37797,0.5,19
135459,51.465104,5.377992,0.57,19
135459,51.465104,5.377992,0.68,19
135459,51.465104,5.377992,0.64,19
135459,51.465104,5.377992,0.67,19
135459,51.465104,5.377992,0.72,19
135459,51.465104,5.377992,0.67,19
135459,51.465104,5.377992,0.51,19
135459,51.465104,5.377992,0.24,19
135459,51.465104,5.377992,0.39,19
135459,51.465104,5.377992,0.42,19
135500,51.465146,5.378098,0.36,19
135500,51.465146,5.378098,0.38,19
135500,51.465146,5.378098,0.41,19
135500,51.465146,5.378098,0.33,19
135500,51.465146,5.378098,0.35,19
135500,51.465146,5.378098,0.39,19
135500,51.465146,5.378098,0.42,19
135500,51.465146,5.378098,0.41,19
135500,51.465146,5.378098,0.46,19
135500,51.465146,5.378098,0.27,19
135501,51.465179,5.378256,0.51,20
135501,51.465179,5.378256,0.36,20
135501,51.465179,5.378256,0.34,20
135501,51.465179,5.378256,0.33,20
135501,51.465179,5.378256,0.28,20
135501,51.465179,5.378256,0.2,20
135501,51.465179,5.378256,0.11,20
135501,51.465179,5.378256,0.14,20
135501,51.465179,5.378256,0.03,20
135501,51.465179,5.378256,0.12,20
135502,51.465221,5.37847,0.23,20
135502,51.465221,5.37847,0.36,20
135502,51.465221,5.37847,0.41,20
135502,51.465221,5.37847,0.29,20
135502,51.465221,5.37847,0.21,20
135502,51.465221,5.37847,0.25,20
135502,51.465221,5.37847,0.22,20
135502,51.465221,5.37847,0.35,20
135502,51.465221,5.37847,0.22,20
135502,51.465221,5.37847,0.35,20
135503,51.465272,5.378688,0.23,20
135503,51.465272,5.378688,0.33,20
135503,51.465272,5.378688,0.32,20
135503,51.465272,5.378688,0.23,20
135503,51.465272,5.378688,0.28,20
135503,51.465272,5.378688,0.27,20
135503,51.465272,5.378688,0.38,20
135503,51.465272,5.378688,0.22,20
135503,51.465272,5.378688,0.32,20
135503,51.465272,5.378688,0.33,20
135504,51.465337,5.378921,0.34,20
135504,51.465337,5.378921,0.34,20
135504,51.465337,5.378921,0.26,20
135504,51.465337,5.378921,0.22,20
135504,51.465337,5.378921,0.39,20
135504,51.465337,5.378921,0.34,20
135504,51.465337,5.378921,0.42,20
135504,51.465337,5.378921,0.26,20
135504,51.465337,5.378921,0.3,20
135504,51.465337,5.378921,0.31,20
135505,51.465419,5.379176,0.36,21
135505,51.465419,5.379176,0.29,21
135505,51.465419,5.379176,0.26,21
135505,51.465419,5.379176,0.38,21
135505,51.465419,5.379176,0.27,21
135505,51.465419,5.379176,0.36,21
135505,51.465419,5.379176,0.25,21
135505,51.465419,5.379176,0.37,21
135505,51.465419,5.379176,0.17,21
135505,51.465419,5.379176,0.17,21
135506,51.465519,5.379447,0.15,21
135506,51.465519,5.379447,0.11,21
135506,51.465519,5.379447,0.17,21
135506,51.465519,5.379447,0.15,21
135506,51.465519,5.379447,0.23,21
135506,51.465519,5.379447,0.43,21
135506,51.465519,5.379447,0.43,21
135506,51.465519,5.379447,0.23,21
135506,51.465519,5.379447,0.42,21
135507,51.46563,5.379729,0.32,21
135507,51.46563,5.379729,0.37,21
135507,51.46563,5.379729,0.32,21
135507,51.46563,5.379729,0.33,21
135507,51.46563,5.379729,0.3,21
135507,51.46563,5.379729,0.34,21
135507,51.46563,5.379729,0.28,21
135507,51.46563,5.379729,0.35,21
135507,51.46563,5.379729,0.31,21
135507,51.46563,5.379729,0.26,21
135508,51.465758,5.380011,0.37,21
135508,51.465758,5.380011,0.35,21
135508,51.465758,5.380011,0.28,21
135508,51.465758,5.380011,0.31,21
135508,51.465758,5.380011,0.27,21
135508,51.465758,5.380011,0.24,21
135508,51.465758,5.380011,0.34,21
135508,51.465758,5.380011,0.4,21
135508,51.465758,5.380011,0.45,21
135508,51.465758,5.380011,0.47,21
135509,51.465907,5.380289,0.49,21
135509,51.465907,5.380289,0.5,21
135509,51.465907,5.380289,0.54,21
135509,51.465907,5.380289,0.58,21
135509,51.465907,5.380289,0.59,21
135509,51.465907,5.380289,0.56,21
135509,51.465907,5.380289,0.56,21
135509,51.465907,5.380289,0.59,21
135509,51.465907,5.380289,0.66,21
135509,51.465907,5.380289,0.81,21
135510,51.466056,5.380527,0.71,21
135510,51.466056,5.380527,0.78,21
135510,51.466056,5.380527,0.74,21
135510,51.466056,5.380527,0.68,21
135510,51.466056,5.380527,0.8,21
135510,51.466056,5.380527,0.65,21
135510,51.466056,5.380527,0.56,21
135510,51.466056,5.380527,0.51,21
135510,51.466056,5.380527,0.5,21
135510,51.466056,5.380527,0.44,21
135511,51.46617,5.380701,0.44,21
135511,51.46617,5.380701,0.46,21
135511,51.46617,5.380701,0.45,21
135511,51.46617,5.380701,0.54,21
135511,51.46617,5.380701,0.57,21
135511,51.46617,5.380701,0.59,21
135511,51.46617,5.380701,0.56,21
135511,51.46617,5.380701,0.66,21
135511,51.46617,5.380701,0.72,21
135511,51.46617,5.380701,0.73,21
135512,51.466238,5.380835,0.62,21
135512,51.466238,5.380835,0.59,21
135512,51.466238,5.380835,0.64,21
135512,51.466238,5.380835,0.54,21
135512,51.466238,5.380835,0.57,21
135512,51.466238,5.380835,0.51,21
135512,51.466238,5.380835,0.49,21
135512,51.466238,5.380835,0.41,21
135512,51.466238,5.380835,0.52,21
135512,51.466238,5.380835,0.51,21
135513,51.466251,5.380968,0.4,21
135513,51.466251,5.380968,0.55,21
135513,51.466251,5.380968,0.58,21
135513,51.466251,5.380968,0.54,21
135513,51.466251,5.380968,0.61,21
135513,51.466251,5.380968,0.63,21
135513,51.466251,5.380968,0.52,21
135513,51.466251,5.380968,0.45,21
135513,51.466251,5.380968,0.39,21
135513,51.466251,5.380968,0.26,21
135514,51.466213,5.381097,0.34,21
135514,51.466213,5.381097,0.4,21
135514,51.466213,5.381097,0.4,21
135514,51.466213,5.381097,0.82,21
135514,51.466213,5.381097,1.05,21
135514,51.466213,5.381097,0.64,21
135514,51.466213,5.381097,0.6,21
135514,51.466213,5.381097,0.46,21
135514,51.466213,5.381097,0.43,21
135514,51.466213,5.381097,0.4,21
135515,51.466148,5.381197,0.41,21
135515,51.466148,5.381197,0.47,21
135515,51.466148,5.381197,0.62,21
135515,51.466148,5.381197,0.6,21
135515,51.466148,5.381197,0.66,21
135515,51.466148,5.381197,0.63,21
135515,51.466148,5.381197,0.77,21
135515,51.466148,5.381197,0.69,21
135515,51.466148,5.381197,0.76,21
135515,51.466148,5.381197,0.66,21
135516,51.466058,5.381216,0.47,21
135516,51.466058,5.381216,0.48,21
135516,51.466058,5.381216,0.45,21
135516,51.466058,5.381216,0.57,21
135516,51.466058,5.381216,0.59,21
135516,51.466058,5.381216,0.5,21
135516,51.466058,5.381216,0.49,21
135516,51.466058,5.381216,0.41,21
135516,51.466058,5.381216,0.3,21
135516,51.466058,5.381216,0.31,21
135517,51.465964,5.381142,0.31,21
135517,51.465964,5.381142,0.37,21
135517,51.465964,5.381142,0.24,21
135517,51.465964,5.381142,0.36,21
135517,51.465964,5.381142,0.34,21
135517,51.465964,5.381142,0.35,21
135517,51.465964,5.381142,0.37,21
135517,51.465964,5.381142,0.03,21
135517,51.465964,5.381142,0.09,21
135517,51.465964,5.381142,0.01,21
135518,51.465866,5.380986,0.06,21
135518,51.465866,5.380986,0.03,21
135518,51.465866,5.380986,0.04,21
135518,51.465866,5.380986,0.18,21
135518,51.465866,5.380986,0.34,21
135518,51.465866,5.380986,0.44,21
135518,51.465866,5.380986,0.45,21
135518,51.465866,5.380986,0.05,21
135518,51.465866,5.380986,0.26,21
135518,51.465866,5.380986,0.09,21
135519,51.465762,5.380826,0.3,21
135519,51.465762,5.380826,0.31,21
135519,51.465762,5.380826,0.27,21
135519,51.465762,5.380826,0.14,21
135519,51.465762,5.380826,0.16,21
135519,51.465762,5.380826,0.19,21
135519,51.465762,5.380826,0.24,21
135519,51.465762,5.380826,0.27,21
135519,51.465762,5.380826,0.24,21
135519,51.465762,5.380826,0.22,21
135520,51.465649,5.380653,0.28,21
135520,51.465649,5.380653,0.23,21
135520,51.465649,5.380653,0.28,21
135520,51.465649,5.380653,0.28,21
135520,51.465649,5.380653,0.34,21
135520,51.465649,5.380653,0.22,21
135520,51.465649,5.380653,0.37,21
135520,51.465649,5.380653,0.44,21
135520,51.465649,5.380653,0.39,21
135520,51.465649,5.380653,0.36,21
135521,51.465524,5.380458,0.39,21
135521,51.465524,5.380458,0.33,21
135521,51.465524,5.380458,0.4,21
135521,51.465524,5.380458,0.39,21
135521,51.465524,5.380458,0.32,21
135521,51.465524,5.380458,0.45,21
135521,51.465524,5.380458,0.38,21
135521,51.465524,5.380458,0.44,21
135521,51.465524,5.380458,0.32,21
135521,51.465524,5.380458,0.35,21
135522,51.465403,5.38022,0.33,21
135522,51.465403,5.38022,0.39,21
135522,51.465403,5.38022,0.3,21
135522,51.465403,5.38022,0.29,21
135522,51.465403,5.38022,0.22,21
135522,51.465403,5.38022,0.39,21
135522,51.465403,5.38022,0.32,21
135522,51.465403,5.38022,0.34,21
135522,51.465403,5.38022,0.37,21
135522,51.465403,5.38022,0.27,21
135523,51.465298,5.379932,0.32,21
135523,51.465298,5.379932,0.28,21
135523,51.465298,5.379932,0.27,21
135523,51.465298,5.379932,0.24,21
135523,51.465298,5.379932,0.31,21
135523,51.465298,5.379932,0.21,21
135523,51.465298,5.379932,0.37,21
135523,51.465298,5.379932,0.29,21
135523,51.465298,5.379932,0.49,21
135524,51.465213,5.379606,0.41,21
135524,51.465213,5.379606,0.4,21
135524,51.465213,5.379606,0.39,21
135524,51.465213,5.379606,0.35,21
135524,51.465213,5.379606,0.39,21
135524,51.465213,5.379606,0.4,21
135524,51.465213,5.379606,0.49,21
135524,51.465213,5.379606,0.36,21
135524,51.465213,5.379606,0.44,21
135524,51.465213,5.379606,0.42,21
135525,51.465156,5.379259,0.45,21
135525,51.465156,5.379259,0.47,21
135525,51.465156,5.379259,0.42,21
135525,51.465156,5.379259,0.39,21
135525,51.465156,5.379259,0.39,21
135525,51.465156,5.379259,0.42,21
135525,51.465156,5.379259,0.42,21
135525,51.465156,5.379259,0.39,21
135525,51.465156,5.379259,0.4,21
135525,51.465156,5.379259,0.38,21
135526,51.465127,5.378946,0.35,21
135526,51.465127,5.378946,0.26,21
135526,51.465127,5.378946,0.37,21
135526,51.465127,5.378946,0.45,21
135526,51.465127,5.378946,0.48,21
135526,51.465127,5.378946,0.53,21
135526,51.465127,5.378946,0.55,21
135526,51.465127,5.378946,0.6,21
135526,51.465127,5.378946,0.6,21
135526,51.465127,5.378946,0.6,21
135527,51.465102,5.378692,0.57,21
135527,51.465102,5.378692,0.65,21
135527,51.465102,5.378692,0.71,21
135527,51.465102,5.378692,0.67,21
135527,51.465102,5.378692,0.75,21
135527,51.465102,5.378692,0.73,21
135527,51.465102,5.378692,0.81,21
135527,51.465102,5.378692,0.82,21
135527,51.465102,5.378692,0.9,21
135527,51.465102,5.378692,0.87,21
135528,51.465054,5.378487,0.87,21
135528,51.465054,5.378487,0.8,21
135528,51.465054,5.378487,0.81,21
135528,51.465054,5.378487,0.82,21
135528,51.465054,5.378487,0.78,21
135528,51.465054,5.378487,0.8,21
135528,51.465054,5.378487,0.84,21
135528,51.465054,5.378487,0.8,21
135528,51.465054,5.378487,0.79,21
135528,51.465054,5.378487,0.75,21
135529,51.464984,5.378329,0.75,21
135529,51.464984,5.378329,0.79,21
135529,51.464984,5.378329,0.77,21
135529,51.464984,5.378329,0.72,21
135529,51.464984,5.378329,0.74,21
135529,51.464984,5.378329,0.76,21
135529,51.464984,5.378329,0.8,21
135529,51.464984,5.378329,0.73,21
135529,51.464984,5.378329,0.74,21
135529,51.464984,5.378329,0.8,21
135530,51.464908,5.378222,0.85,21
135530,51.464908,5.378222,0.87,21
135530,51.464908,5.378222,0.85,21
135530,51.464908,5.378222,0.86,21
135530,51.464908,5.378222,0.83,21
135530,51.464908,5.378222,0.83,21
135530,51.464908,5.378222,0.8,21
135530,51.464908,5.378222,0.76,21
135530,51.464908,5.378222,0.78,21
135530,51.464908,5.378222,0.77,21
135530,51.464908,5.378222,0.77,21
135531,51.464808,5.378171,0.77,20
135531,51.464808,5.378171,0.78,20
135531,51.464808,5.378171,0.81,20
135531,51.464808,5.378171,0.87,20
135531,51.464808,5.378171,0.91,20
135531,51.464808,5.378171,0.85,20
135531,51.464808,5.378171,0.81,20
135531,51.464808,5.378171,0.79,20
135531,51.464808,5.378171,0.74,20
135532,51.46469,5.37816,0.69,21
135532,51.46469,5.37816,0.67,21
135532,51.46469,5.37816,0.63,21
135532,51.46469,5.37816,0.68,21
135532,51.46469,5.37816,0.63,21
135532,51.46469,5.37816,0.66,21
135532,51.46469,5.37816,0.6,21
135532,51.46469,5.37816,0.53,21
135532,51.46469,5.37816,0.46,21
135532,51.46469,5.37816,0.46,21
135533,51.464609,5.378258,0.47,21
135533,51.464609,5.378258,0.51,21
135533,51.464609,5.378258,0.73,21
135533,51.464609,5.378258,0.7,21
135533,51.464609,5.378258,0.57,21
135533,51.464609,5.378258,0.5,21
135533,51.464609,5.378258,0.46,21
135533,51.464609,5.378258,0.49,21
135533,51.464609,5.378258,0.57,21
135533,51.464609,5.378258,0.49,21
135534,51.464608,5.378416,0.5,20
135534,51.464608,5.378416,0.44,20
135534,51.464608,5.378416,0.47,20
135534,51.464608,5.378416,0.44,20
135534,51.464608,5.378416,0.4,20
135534,51.464608,5.378416,0.31,20
135534,51.464608,5.378416,0.29,20
135534,51.464608,5.378416,0.31,20
135534,51.464608,5.378416,0.33,20
135534,51.464608,5.378416,0.07,20
135535,51.464599,5.378507,0.03,21
135535,51.464599,5.378507,0.01,21
135535,51.464599,5.378507,0.04,21
135535,51.464599,5.378507,0.29,21
135535,51.464599,5.378507,0.26,21
135535,51.464599,5.378507,0.13,21
135535,51.464599,5.378507,0.16,21
135535,51.464599,5.378507,0.31,21
135535,51.464599,5.378507,0.17,21
135535,51.464599,5.378507,0.11,21
135536,51.464582,5.378562,0.35,21
135536,51.464582,5.378562,0.36,21
135536,51.464582,5.378562,0.19,21
135536,51.464582,5.378562,0.3,21
135536,51.464582,5.378562,0.37,21
135536,51.464582,5.378562,0.23,21
135536,51.464582,5.378562,0.25,21
135536,51.464582,5.378562,0.26,21
135536,51.464582,5.378562,0.24,21
135536,51.464582,5.378562,0.19,21
135537,51.464554,5.378601,0.3,21
135537,51.464554,5.378601,0.25,21
135537,51.464554,5.378601,0.21,21
135537,51.464554,5.378601,0.24,21
135537,51.464554,5.378601,0.26,21
135537,51.464554,5.378601,0.21,21
135537,51.464554,5.378601,0.27,21
135537,51.464554,5.378601,0.28,21
135537,51.464554,5.378601,0.3,21
135537,51.464554,5.378601,0.33,21
135538,51.464521,5.378609,0.29,21
135538,51.464521,5.378609,0.29,21
135538,51.464521,5.378609,0.25,21
135538,51.464521,5.378609,0.25,21
135538,51.464521,5.378609,0.19,21
135538,51.464521,5.378609,0.28,21
135538,51.464521,5.378609,0.46,21
135538,51.464521,5.378609,0.58,21
135538,51.464521,5.378609,0.68,21
135539,51.464474,5.378583,0.54,20
135539,51.464474,5.378583,0.45,20
135539,51.464474,5.378583,0.57,20
135539,51.464474,5.378583,0.56,20
135539,51.464474,5.378583,0.6,20
135539,51.464474,5.378583,0.58,20
135539,51.464474,5.378583,0.71,20
135539,51.464474,5.378583,0.74,20
135539,51.464474,5.378583,0.79,20
135539,51.464474,5.378583,1.07,20
135540,51.464422,5.378571,0.66,20
135540,51.464422,5.378571,0.67,20
135540,51.464422,5.378571,0.98,20
135540,51.464422,5.378571,0.48,20
135540,51.464422,5.378571,0.67,20
135540,51.464422,5.378571,0.58,20
135540,51.464422,5.378571,0.73,20
135540,51.464422,5.378571,0.82,20
135540,51.464422,5.378571,0.75,20
135540,51.464422,5.378571,0.69,20
135540,51.464422,5.378571,0.77,20
135541,51.464371,5.378613,0.69,20
135541,51.464371,5.378613,0.59,20
135541,51.464371,5.378613,0.64,20
135541,51.464371,5.378613,0.68,20
135541,51.464371,5.378613,0.66,20
135541,51.464371,5.378613,0.55,20
135541,51.464371,5.378613,0.42,20
135541,51.464371,5.378613,0.37,20
135541,51.464371,5.378613,0.4,20
135541,51.464371,5.378613,0.38,20
135542,51.464366,5.378754,0.35,20
135542,51.464366,5.378754,0.35,20
135542,51.464366,5.378754,0.31,20
135542,51.464366,5.378754,0.34,20
135542,51.464366,5.378754,0.33,20
135542,51.464366,5.378754,0.33,20
135542,51.464366,5.378754,0.36,20
135542,51.464366,5.378754,0.38,20
135542,51.464366,5.378754,0.44,20
135542,51.464366,5.378754,0.37,20
135543,51.464407,5.378943,0.41,20
135543,51.464407,5.378943,0.38,20
135543,51.464407,5.378943,0.37,20
135543,51.464407,5.378943,0.31,20
135543,51.464407,5.378943,0.35,20
135543,51.464407,5.378943,0.24,20
135543,51.464407,5.378943,0.54,20
135543,51.464407,5.378943,0.2,20
135543,51.464407,5.378943,0.24,20
135544,51.464468,5.379134,0.12,19
135544,51.464468,5.379134,0.02,19
135544,51.464468,5.379134,0.16,19
135544,51.464468,5.379134,0.11,19
135544,51.464468,5.379134,0.1,19
135544,51.464468,5.379134,0.15,19
135544,51.464468,5.379134,0.48,19
135544,51.464468,5.379134,0.17,19
135544,51.464468,5.379134,0.19,19
135544,51.464468,5.379134,0.18,19
135545,51.464549,5.379332,0.28,19
135545,51.464549,5.379332,0.18,19
135545,51.464549,5.379332,0.23,19
135545,51.464549,5.379332,0.23,19
135545,51.464549,5.379332,0.17,19
135545,51.464549,5.379332,0.18,19
135545,51.464549,5.379332,0.2,19
135545,51.464549,5.379332,0.25,19
135545,51.464549,5.379332,0.26,19
135545,51.464549,5.379332,0.3,19
135546,51.464641,5.379518,0.25,20
135546,51.464641,5.379518,0.2,20
135546,51.464641,5.379518,0.17,20
135546,51.464641,5.379518,0.21,20
135546,51.464641,5.379518,0.34,20
135546,51.464641,5.379518,0.22,20
135546,51.464641,5.379518,0.25,20
135546,51.464641,5.379518,0.24,20
135546,51.464641,5.379518,0.28,20
135546,51.464641,5.379518,0.31,20
135547,51.464747,5.379709,0.29,20
135547,51.464747,5.379709,0.28,20
135547,51.464747,5.379709,0.29,20
135547,51.464747,5.379709,0.28,20
135547,51.464747,5.379709,0.28,20
135547,51.464747,5.379709,0.25,20
135547,51.464747,5.379709,0.25,20
135547,51.464747,5.379709,0.25,20
135547,51.464747,5.379709,0.25,20
135547,51.464747,5.379709,0.25,20
135548,51.464867,5.379919,0.26,20
135548,51.464867,5.379919,0.28,20
135548,51.464867,5.379919,0.28,20
135548,51.464867,5.379919,0.23,20
135548,51.464867,5.379919,0.23,20
135548,51.464867,5.379919,0.27,20
135548,51.464867,5.379919,0.27,20
135548,51.464867,5.379919,0.22,20
135548,51.464867,5.379919,0.16,20
135548,51.464867,5.379919,0.21,20
135549,51.465001,5.380148,0.21,19
135549,51.465001,5.380148,0.17,19
135549,51.465001,5.380148,0.15,19
135549,51.465001,5.380148,0.21,19
135549,51.465001,5.380148,0.43,19
135549,51.465001,5.380148,0.35,19
135549,51.465001,5.380148,0.29,19
135549,51.465001,5.380148,0.31,19
135549,51.465001,5.380148,0.22,19
135549,51.465001,5.380148,0.26,19
135550,51.465146,5.38038,0.37,21
135550,51.465146,5.38038,0.27,21
135550,51.465146,5.38038,0.25,21
135550,51.465146,5.38038,0.29,21
135550,51.465146,5.38038,0.32,21
135550,51.465146,5.38038,0.37,21
135550,51.465146,5.38038,0.35,21
135550,51.465146,5.38038,0.38,21
135550,51.465146,5.38038,0.26,21
135550,51.465146,5.38038,0.33,21
135551,51.465306,5.38061,0.37,21
135551,51.465306,5.38061,0.29,21
135551,51.465306,5.38061,0.37,21
135551,51.465306,5.38061,0.33,21
135551,51.465306,5.38061,0.3,21
135551,51.465306,5.38061,0.19,21
135551,51.465306,5.38061,0.14,21
135551,51.465306,5.38061,0.18,21
135551,51.465306,5.38061,0.2,21
135551,51.465306,5.38061,0.23,21
135552,51.465488,5.38083,0.35,21
135552,51.465488,5.38083,0.38,21
135552,51.465488,5.38083,0.22,21
135552,51.465488,5.38083,0.33,21
135552,51.465488,5.38083,0.36,21
135552,51.465488,5.38083,0.3,21
135552,51.465488,5.38083,0.28,21
135552,51.465488,5.38083,0.34,21
135552,51.465488,5.38083,0.28,21
135552,51.465488,5.38083,0.27,21
135553,51.465675,5.381069,0.15,21
135553,51.465675,5.381069,0.21,21
135553,51.465675,5.381069,0.13,21
135553,51.465675,5.381069,0.16,21
135553,51.465675,5.381069,0.22,21
135553,51.465675,5.381069,0.16,21
135553,51.465675,5.381069,0.15,21
135553,51.465675,5.381069,0.14,21
135553,51.465675,5.381069,0.16,21
135553,51.465675,5.381069,0.18,21
135554,51.465857,5.381349,0.28,21
135554,51.465857,5.381349,0.18,21
135554,51.465857,5.381349,0.12,21
135554,51.465857,5.381349,0.19,21
135554,51.465857,5.381349,0.22,21
135554,51.465857,5.381349,0.19,21
135554,51.465857,5.381349,0.19,21
135554,51.465857,5.381349,0.23,21
135554,51.465857,5.381349,0.17,21
135554,51.465857,5.381349,0.33,21
135555,51.466043,5.381647,0.16,21
135555,51.466043,5.381647,0.17,21
135555,51.466043,5.381647,0.5,21
135555,51.466043,5.381647,0.43,21
135555,51.466043,5.381647,0.22,21
135555,51.466043,5.381647,0.2,21
135555,51.466043,5.381647,0.17,21
135555,51.466043,5.381647,0.16,21
135555,51.466043,5.381647,0.05,21
135556,51.466241,5.381952,0.05,21
135556,51.466241,5.381952,0.02,21
135556,51.466241,5.381952,0.18,21
135556,51.466241,5.381952,0.08,21
135556,51.466241,5.381952,0.04,21
135556,51.466241,5.381952,0.3,21
135556,51.466241,5.381952,0.13,21
135556,51.466241,5.381952,0.16,21
135556,51.466241,5.381952,0.17,21
135556,51.466241,5.381952,0.08,21
135556,51.466241,5.381952,0.19,21
135557,51.466445,5.382261,0.26,21
135557,51.466445,5.382261,0.16,21
135557,51.466445,5.382261,0.14,21
135557,51.466445,5.382261,0.14,21
135557,51.466445,5.382261,0.25,21
135557,51.466445,5.382261,0.19,21
135557,51.466445,5.382261,0.18,21
135557,51.466445,5.382261,0.14,21
135557,51.466445,5.382261,0.12,21
135557,51.466445,5.382261,0.18,21
135558,51.466653,5.382575,0.2,21
135558,51.466653,5.382575,0.16,21
135558,51.466653,5.382575,0.1,21
135558,51.466653,5.382575,0.13,21
135558,51.466653,5.382575,0.15,21
135558,51.466653,5.382575,0.1,21
135558,51.466653,5.382575,0.12,21
135558,51.466653,5.382575,0.11,21
135558,51.466653,5.382575,0.1,21
135559,51.466868,5.382896,0.06,21
135559,51.466868,5.382896,0.13,21
135559,51.466868,5.382896,0.13,21
135559,51.466868,5.382896,0.14,21
135559,51.466868,5.382896,0.15,21
135559,51.466868,5.382896,0.06,21
135559,51.466868,5.382896,0.12,21
135559,51.466868,5.382896,0.08,21
135559,51.466868,5.382896,0.15,21
135559,51.466868,5.382896,0.14,21
135600,51.467089,5.383227,0.12,21
135600,51.467089,5.383227,0.19,21
135600,51.467089,5.383227,0.1,21
135600,51.467089,5.383227,0.15,21
135600,51.467089,5.383227,0.09,21
135600,51.467089,5.383227,0.17,21
135600,51.467089,5.383227,0.11,21
135600,51.467089,5.383227,0.18,21
135600,51.467089,5.383227,0.14,21
135600,51.467089,5.383227,0.2,21
135601,51.467312,5.38357,0.15,21
135601,51.467312,5.38357,0.2,21
135601,51.467312,5.38357,0.14,21
135601,51.467312,5.38357,0.1,21
135601,51.467312,5.38357,0.2,21
135601,51.467312,5.38357,0.21,21
135601,51.467312,5.38357,0.16,21
135601,51.467312,5.38357,0.15,21
135601,51.467312,5.38357,0.29,21
135601,51.467312,5.38357,0.19,21
135602,51.467532,5.383936,0.05,21
135602,51.467532,5.383936,0.23,21
135602,51.467532,5.383936,0.2,21
135602,51.467532,5.383936,0.17,21
135602,51.467532,5.383936,0.18,21
135602,51.467532,5.383936,0.17,21
135602,51.467532,5.383936,0.13,21
135602,51.467532,5.383936,0.11,21
135602,51.467532,5.383936,0.2,21
135602,51.467532,5.383936,0.13,21
135603,51.467743,5.384329,0.26,21
135603,51.467743,5.384329,0.19,21
135603,51.467743,5.384329,0.2,21
135603,51.467743,5.384329,0.21,21
135603,51.467743,5.384329,0.23,21
135603,51.467743,5.384329,0.19,21
135603,51.467743,5.384329,0.22,21
135603,51.467743,5.384329,0.14,21
135603,51.467743,5.384329,0.16,21
135603,51.467743,5.384329,0.24,21
135604,51.467946,5.384746,0.15,21
135604,51.467946,5.384746,0.19,21
135604,51.467946,5.384746,0.13,21
135604,51.467946,5.384746,0.18,21
135604,51.467946,5.384746,0.19,21
135604,51.467946,5.384746,0.16,21
135604,51.467946,5.384746,0.16,21
135604,51.467946,5.384746,0.16,21
135604,51.467946,5.384746,0.25,21
135604,51.467946,5.384746,0.28,21
135605,51.468135,5.385187,0.2,21
135605,51.468135,5.385187,0.24,21
135605,51.468135,5.385187,0.22,21
135605,51.468135,5.385187,0.3,21
135605,51.468135,5.385187,0.19,21
135605,51.468135,5.385187,0.36,21
135605,51.468135,5.385187,0.18,21
135605,51.468135,5.385187,0.23,21
135605,51.468135,5.385187,0.26,21
135605,51.468135,5.385187,0.22,21
135606,51.468306,5.385649,0.29,21
135606,51.468306,5.385649,0.17,21
135606,51.468306,5.385649,0.15,21
135606,51.468306,5.385649,0.33,21
135606,51.468306,5.385649,0.1,21
135606,51.468306,5.385649,0.2,21
135606,51.468306,5.385649,0.17,21
135606,51.468306,5.385649,0.22,21
135606,51.468306,5.385649,0.13,21
135606,51.468306,5.385649,0.22,21
135607,51.468459,5.386136,0.1,21
135607,51.468459,5.386136,0.08,21
135607,51.468459,5.386136,0.08,21
135607,51.468459,5.386136,0.1,21
135607,51.468459,5.386136,0.11,21
135607,51.468459,5.386136,0.17,21
135607,51.468459,5.386136,0.11,21
135607,51.468459,5.386136,0.13,21
135607,51.468459,5.386136,0.08,21
135607,51.468459,5.386136,0.1,21
135608,51.468597,5.386645,0.12,21
135608,51.468597,5.386645,0.02,21
135608,51.468597,5.386645,0.3,21
135608,51.468597,5.386645,0.15,21
135608,51.468597,5.386645,0.35,21
135608,51.468597,5.386645,0.41,21
135608,51.468597,5.386645,0.43,21
135608,51.468597,5.386645,0.47,21
135608,51.468597,5.386645,0.4,21
135608,51.468597,5.386645,0.4,21
135609,51.46873,5.387158,0.39,21
135609,51.46873,5.387158,0.35,21
135609,51.46873,5.387158,0.4,21
135609,51.46873,5.387158,0.42,21
135609,51.46873,5.387158,0.55,21
135609,51.46873,5.387158,0.53,21
135609,51.46873,5.387158,0.56,21
135609,51.46873,5.387158,0.48,21
135609,51.46873,5.387158,0.47,21
135610,51.468858,5.387641,0.24,21
135610,51.468858,5.387641,0.26,21
135610,51.468858,5.387641,0.29,21
135610,51.468858,5.387641,0.26,21
135610,51.468858,5.387641,0.32,21
135610,51.468858,5.387641,0.27,21
135610,51.468858,5.387641,0.37,21
135610,51.468858,5.387641,0.33,21
135610,51.468858,5.387641,0.31,21
135610,51.468858,5.387641,0.34,21
135611,51.468964,5.388054,0.28,21
135611,51.468964,5.388054,0.24,21
135611,51.468964,5.388054,0.24,21
135611,51.468964,5.388054,0.23,21
135611,51.468964,5.388054,0.2,21
135611,51.468964,5.388054,0.18,21
135611,51.468964,5.388054,0.25,21
135611,51.468964,5.388054,0.32,21
135611,51.468964,5.388054,0.34,21
135611,51.468964,5.388054,0.42,21
135612,51.469058,5.388429,0.4,21
135612,51.469058,5.388429,0.34,21
135612,51.469058,5.388429,0.3,21
135612,51.469058,5.388429,0.31,21
135612,51.469058,5.388429,0.36,21
135612,51.469058,5.388429,0.32,21
135612,51.469058,5.388429,0.31,21
135612,51.469058,5.388429,0.38,21
135612,51.469058,5.388429,0.47,21
135612,51.469058,5.388429,0.48,21
135613,51.469149,5.388771,0.46,21
135613,51.469149,5.388771,0.41,21
135613,51.469149,5.388771,0.41,21
135613,51.469149,5.388771,0.33,21
135613,51.469149,5.388771,0.36,21
135613,51.469149,5.388771,0.49,21
135613,51.469149,5.388771,0.39,21
135613,51.469149,5.388771,0.36,21
135613,51.469149,5.388771,0.44,21
135613,51.469149,5.388771,0.37,21
135614,51.46925,5.389069,0.45,21
135614,51.46925,5.389069,0.44,21
135614,51.46925,5.389069,0.41,21
135614,51.46925,5.389069,0.48,21
135614,51.46925,5.389069,0.4,21
135614,51.46925,5.389069,0.47,21
135614,51.46925,5.389069,0.5,21
135614,51.46925,5.389069,0.54,21
135614,51.46925,5.389069,0.55,21
135614,51.46925,5.389069,0.57,21
135615,51.469369,5.389322,0.54,22
135615,51.469369,5.389322,0.57,22
135615,51.469369,5.389322,0.57,22
135615,51.469369,5.389322,0.57,22
135615,51.469369,5.389322,0.57,22
135615,51.469369,5.389322,0.6,22
135615,51.469369,5.389322,0.59,22
135615,51.469369,5.389322,0.63,22
135615,51.469369,5.389322,0.67,22
135615,51.469369,5.389322,0.63,22
135616,51.469518,5.389534,0.62,22
135616,51.469518,5.389534,0.6,22
135616,51.469518,5.389534,0.64,22
135616,51.469518,5.389534,0.56,22
135616,51.469518,5.389534,0.6,22
135616,51.469518,5.389534,0.52,22
135616,51.469518,5.389534,0.6,22
135616,51.469518,5.389534,0.55,22
135616,51.469518,5.389534,0.55,22
135616,51.469518,5.389534,0.55,22
135617,51.469687,5.389697,0.6,22
135617,51.469687,5.389697,0.54,22
135617,51.469687,5.389697,0.56,22
135617,51.469687,5.389697,0.58,22
135617,51.469687,5.389697,0.57,22
135617,51.469687,5.389697,0.56,22
135617,51.469687,5.389697,0.56,22
135617,51.469687,5.389697,0.53,22
135617,51.469687,5.389697,0.58,22
135617,51.469687,5.389697,0.58,22
135618,51.469862,5.389818,0.59,22
135618,51.469862,5.389818,0.55,22
135618,51.469862,5.389818,0.63,22
135618,51.469862,5.389818,0.56,22
135618,51.469862,5.389818,0.58,22
135618,51.469862,5.389818,0.61,22
135618,51.469862,5.389818,0.58,22
135618,51.469862,5.389818,0.55,22
135618,51.469862,5.389818,0.62,22
135618,51.469862,5.389818,0.58,22
135619,51.470046,5.389863,0.64,22
135619,51.470046,5.389863,0.67,22
135619,51.470046,5.389863,0.63,22
135619,51.470046,5.389863,0.65,22
135619,51.470046,5.389863,0.58,22
135619,51.470046,5.389863,0.63,22
135619,51.470046,5.389863,0.61,22
135619,51.470046,5.389863,0.58,22
135619,51.470046,5.389863,0.59,22
135619,51.470046,5.389863,0.63,22
135620,51.470249,5.389784,0.63,22
135620,51.470249,5.389784,0.6,22
135620,51.470249,5.389784,0.6,22
135620,51.470249,5.389784,0.62,22
135620,51.470249,5.389784,0.6,22
135620,51.470249,5.389784,0.64,22
135620,51.470249,5.389784,0.64,22
135620,51.470249,5.389784,0.62,22
135620,51.470249,5.389784,0.63,22
135620,51.470249,5.389784,0.6,22
135621,51.470442,5.389624,0.62,22
135621,51.470442,5.389624,0.64,22
135621,51.470442,5.389624,0.61,22
135621,51.470442,5.389624,0.58,22
135621,51.470442,5.389624,0.6,22
135621,51.470442,5.389624,0.62,22
135621,51.470442,5.389624,0.66,22
135621,51.470442,5.389624,0.61,22
135621,51.470442,5.389624,0.68,22
135621,51.470442,5.389624,0.66,22
135622,51.470607,5.389419,0.67,22
135622,51.470607,5.389419,0.66,22
135622,51.470607,5.389419,0.61,22
135622,51.470607,5.389419,0.66,22
135622,51.470607,5.389419,0.61,22
135622,51.470607,5.389419,0.61,22
135622,51.470607,5.389419,0.66,22
135622,51.470607,5.389419,0.62,22
135622,51.470607,5.389419,0.52,22
135622,51.470607,5.389419,0.56,22
135623,51.470735,5.389154,0.66,22
135623,51.470735,5.389154,0.59,22
135623,51.470735,5.389154,0.63,22
135623,51.470735,5.389154,0.69,22
135623,51.470735,5.389154,0.64,22
135623,51.470735,5.389154,0.65,22
135623,51.470735,5.389154,0.64,22
135623,51.470735,5.389154,0.68,22
135623,51.470735,5.389154,0.7,22
135623,51.470735,5.389154,0.74,22
135624,51.470813,5.388831,0.76,22
135624,51.470813,5.388831,0.71,22
135624,51.470813,5.388831,0.69,22
135624,51.470813,5.388831,0.69,22
135624,51.470813,5.388831,0.66,22
135624,51.470813,5.388831,0.61,22
135624,51.470813,5.388831,0.59,22
135624,51.470813,5.388831,0.58,22
135624,51.470813,5.388831,0.52,22
135624,51.470813,5.388831,0.6,22
135625,51.47084,5.388498,0.61,22
135625,51.47084,5.388498,0.62,22
135625,51.47084,5.388498,0.63,22
135625,51.47084,5.388498,0.67,22
135625,51.47084,5.388498,0.68,22
135625,51.47084,5.388498,0.62,22
135625,51.47084,5.388498,0.65,22
135625,51.47084,5.388498,0.6,22
135625,51.47084,5.388498,0.58,22
135625,51.47084,5.388498,0.55,22
135626,51.470815,5.388211,0.55,22
135626,51.470815,5.388211,0.55,22
135626,51.470815,5.388211,0.58,22
135626,51.470815,5.388211,0.57,22
135626,51.470815,5.388211,0.52,22
135626,51.470815,5.388211,0.5,22
135626,51.470815,5.388211,0.35,22
135626,51.470815,5.388211,0.38,22
135626,51.470815,5.388211,0.38,22
135626,51.470815,5.388211,0.37,22
135627,51.470769,5.387994,0.37,22
135627,51.470769,5.387994,0.63,22
135627,51.470769,5.387994,0.46,22
135627,51.470769,5.387994,0.53,22
135627,51.470769,5.387994,0.52,22
135627,51.470769,5.387994,0.44,22
135627,51.470769,5.387994,0.43,22
135627,51.470769,5.387994,0.55,22
135627,51.470769,5.387994,0.6,22
135628,51.470713,5.387861,0.62,22
135628,51.470713,5.387861,0.75,22
135628,51.470713,5.387861,0.71,22
135628,51.470713,5.387861,0.74,22
135628,51.470713,5.387861,0.78,22
135628,51.470713,5.387861,0.74,22
135628,51.470713,5.387861,0.78,22
135628,51.470713,5.387861,0.7,22
135628,51.470713,5.387861,0.46,22
135628,51.470713,5.387861,0.5,22
135628,51.470713,5.387861,0.45,22
135629,51.47069,5.387752,0.49,22
135629,51.47069,5.387752,0.56,22
135629,51.47069,5.387752,0.61,22
135629,51.47069,5.387752,0.62,22
135629,51.47069,5.387752,0.56,22
135629,51.47069,5.387752,0.65,22
135629,51.47069,5.387752,0.56,22
135629,51.47069,5.387752,0.86,22
135629,51.47069,5.387752,0.23,22
135630,51.470718,5.387684,0.18,22
135630,51.470718,5.387684,0.2,22
135630,51.470718,5.387684,0.3,22
135630,51.470718,5.387684,0.34,22
135630,51.470718,5.387684,0.29,22
135630,51.470718,5.387684,0.31,22
135630,51.470718,5.387684,0.29,22
135630,51.470718,5.387684,0.29,22
135630,51.470718,5.387684,0.3,22
135630,51.470718,5.387684,0.31,22
135631,51.470765,5.387671,0.28,22
135631,51.470765,5.387671,0.33,22
135631,51.470765,5.387671,0.32,22
135631,51.470765,5.387671,0.38,22
135631,51.470765,5.387671,0.41,22
135631,51.470765,5.387671,0.44,22
135631,51.470765,5.387671,0.47,22
135631,51.470765,5.387671,0.48,22
135631,51.470765,5.387671,0.46,22
135631,51.470765,5.387671,0.58,22
135632,51.470844,5.387688,0.51,22
135632,51.470844,5.387688,0.64,22
135632,51.470844,5.387688,0.57,22
135632,51.470844,5.387688,0.64,22
135632,51.470844,5.387688,0.62,22
135632,51.470844,5.387688,0.55,22
135632,51.470844,5.387688,0.58,22
135632,51.470844,5.387688,0.6,22
135632,51.470844,5.387688,0.45,22
135632,51.470844,5.387688,0.49,22
135633,51.47094,5.387666,0.56,22
135633,51.47094,5.387666,0.57,22
135633,51.47094,5.387666,0.42,22
135633,51.47094,5.387666,0.29,22
135633,51.47094,5.387666,0.33,22
135633,51.47094,5.387666,0.39,22
135633,51.47094,5.387666,0.28,22
135633,51.47094,5.387666,0.29,22
135633,51.47094,5.387666,0.37,22
135633,51.47094,5.387666,0.3,22
135634,51.471043,5.387575,0.31,22
135634,51.471043,5.387575,0.46,22
135634,51.471043,5.387575,0.28,22
135634,51.471043,5.387575,0.39,22
135634,51.471043,5.387575,0.28,22
135634,51.471043,5.387575,0.31,22
135634,51.471043,5.387575,0.31,22
135634,51.471043,5.387575,0.27,22
135634,51.471043,5.387575,0.28,22
135634,51.471043,5.387575,0.36,22
135635,51.471137,5.387438,0.33,22
135635,51.471137,5.387438,0.37,22
135635,51.471137,5.387438,0.26,22
135635,51.471137,5.387438,0.27,22
135635,51.471137,5.387438,0.2,22
135635,51.471137,5.387438,0.26,22
135635,51.471137,5.387438,0.2,22
135635,51.471137,5.387438,0.27,22
135635,51.471137,5.387438,0.26,22
135635,51.471137,5.387438,0.26,22
135636,51.471234,5.387274,0.29,22
135636,51.471234,5.387274,0.39,22
135636,51.471234,5.387274,0.36,22
135636,51.471234,5.387274,0.48,22
135636,51.471234,5.387274,0.41,22
135636,51.471234,5.387274,0.48,22
135636,51.471234,5.387274,0.45,22
135636,51.471234,5.387274,0.53,22
135636,51.471234,5.387274,0.5,22
135636,51.471234,5.387274,0.6,22
135637,51.471326,5.387085,0.55,22
135637,51.471326,5.387085,0.45,22
135637,51.471326,5.387085,0.47,22
135637,51.471326,5.387085,0.51,22
135637,51.471326,5.387085,0.52,22
135637,51.471326,5.387085,0.53,22
135637,51.471326,5.387085,0.58,22
135637,51.471326,5.387085,0.62,22
135637,51.471326,5.387085,0.59,22
135637,51.471326,5.387085,0.52,22
135638,51.471391,5.386888,0.57,22
135638,51.471391,5.386888,0.54,22
135638,51.471391,5.386888,0.52,22
135638,51.471391,5.386888,0.49,22
135638,51.471391,5.386888,0.47,22
135638,51.471391,5.386888,0.52,22
135638,51.471391,5.386888,0.41,22
135638,51.471391,5.386888,0.4,22
135638,51.471391,5.386888,0.14,22
135638,51.471391,5.386888,0.11,22
135639,51.471415,5.386701,0.16,22
135639,51.471415,5.386701,0.41,22
135639,51.471415,5.386701,0.5,22
135639,51.471415,5.386701,0.44,22
135639,51.471415,5.386701,0.52,22
135639,51.471415,5.386701,0.44,22
135639,51.471415,5.386701,0.5,22
135639,51.471415,5.386701,0.68,22
135639,51.471415,5.386701,0.7,22
135639,51.471415,5.386701,0.61,22
135640,51.471426,5.386527,0.53,22
135640,51.471426,5.386527,0.49,22
135640,51.471426,5.386527,0.48,22
135640,51.471426,5.386527,0.59,22
135640,51.471426,5.386527,0.48,22
135640,51.471426,5.386527,0.24,22
135640,51.471426,5.386527,0.14,22
135640,51.471426,5.386527,0.22,22
135640,51.471426,5.386527,0.12,22
135641,51.471456,5.386358,0.4,22
135641,51.471456,5.386358,0.44,22
135641,51.471456,5.386358,0.51,22
135641,51.471456,5.386358,0.53,22
135641,51.471456,5.386358,0.57,22
135641,51.471456,5.386358,0.6,22
135641,51.471456,5.386358,0.63,22
135641,51.471456,5.386358,0.62,22
135641,51.471456,5.386358,0.56,22
135641,51.471456,5.386358,0.61,22
135642,51.471535,5.386211,0.62,22
135642,51.471535,5.386211,0.63,22
135642,51.471535,5.386211,0.6,22
135642,51.471535,5.386211,0.61,22
135642,51.471535,5.386211,0.66,22
135642,51.471535,5.386211,0.61,22
135642,51.471535,5.386211,0.61,22
135642,51.471535,5.386211,0.66,22
135642,51.471535,5.386211,0.63,22
135642,51.471535,5.386211,0.66,22
135643,51.471583,5.386058,0.67,22
135643,51.471583,5.386058,0.67,22
135643,51.471583,5.386058,0.65,22
135643,51.471583,5.386058,0.65,22
135643,51.471583,5.386058,0.66,22
135643,51.471583,5.386058,0.68,22
135643,51.471583,5.386058,0.68,22
135643,51.471583,5.386058,0.71,22
135643,51.471583,5.386058,0.71,22
135643,51.471583,5.386058,0.69,22
135644,51.471569,5.385887,0.65,22
135644,51.471569,5.385887,0.72,22
135644,51.471569,5.385887,0.71,22
135644,51.471569,5.385887,0.74,22
135644,51.471569,5.385887,0.72,22
135644,51.471569,5.385887,0.8,22
135644,51.471569,5.385887,0.81,22
135644,51.471569,5.385887,0.8,22
135644,51.471569,5.385887,0.83,22
135644,51.471569,5.385887,0.83,22
135645,51.471508,5.385731,0.83,22
135645,51.471508,5.385731,0.8,22
135645,51.471508,5.385731,0.78,22
135645,51.471508,5.385731,0.63,22
135645,51.471508,5.385731,0.44,22
135645,51.471508,5.385731,0.28,22
135645,51.471508,5.385731,0.17,22
135645,51.471508,5.385731,0.29,22
135645,51.471508,5.385731,0.34,22
135645,51.471508,5.385731,0.4,22
135646,51.471408,5.38563,0.46,22
135646,51.471408,5.38563,0.5,22
135646,51.471408,5.38563,0.54,22
135646,51.471408,5.38563,0.61,22
135646,51.471408,5.38563,0.62,22
135646,51.471408,5.38563,0.64,22
135646,51.471408,5.38563,0.77,22
135646,51.471408,5.38563,0.69,22
135646,51.471408,5.38563,0.66,22
135646,51.471408,5.38563,0.67,22
135647,51.471307,5.385524,0.64,22
135647,51.471307,5.385524,0.68,22
135647,51.471307,5.385524,0.52,22
135647,51.471307,5.385524,0.68,22
135647,51.471307,5.385524,0.69,22
135647,51.471307,5.385524,0.66,22
135647,51.471307,5.385524,0.54,22
135647,51.471307,5.385524,0.57,22
135647,51.471307,5.385524,0.47,22
135647,51.471307,5.385524,0.54,22
135648,51.471221,5.385394,0.55,22
135648,51.471221,5.385394,0.55,22
135648,51.471221,5.385394,0.49,22
135648,51.471221,5.385394,0.56,22
135648,51.471221,5.385394,0.54,22
135648,51.471221,5.385394,0.6,22
135648,51.471221,5.385394,0.51,22
135648,51.471221,5.385394,0.36,22
135648,51.471221,5.385394,0.33,22
135648,51.471221,5.385394,0.35,22
135649,51.471175,5.385246,0.43,22
135649,51.471175,5.385246,0.49,22
135649,51.471175,5.385246,0.54,22
135649,51.471175,5.385246,0.59,22
135649,51.471175,5.385246,0.61,22
135649,51.471175,5.385246,0.61,22
135649,51.471175,5.385246,0.56,22
135649,51.471175,5.385246,0.51,22
135649,51.471175,5.385246,0.41,22
135649,51.471175,5.385246,0.29,22
135650,51.471216,5.385051,0.34,22
135650,51.471216,5.385051,0.34,22
135650,51.471216,5.385051,0.38,22
135650,51.471216,5.385051,0.33,22
135650,51.471216,5.385051,0.35,22
135650,51.471216,5.385051,0.37,22
135650,51.471216,5.385051,0.45,22
135650,51.471216,5.385051,0.49,22
135650,51.471216,5.385051,0.54,22
135650,51.471216,5.385051,0.63,22
135651,51.47129,5.384896,0.73,22
135651,51.47129,5.384896,0.7,22
135651,51.47129,5.384896,0.67,22
135651,51.47129,5.384896,0.7,22
135651,51.47129,5.384896,0.68,22
135651,51.47129,5.384896,0.68,22
135651,51.47129,5.384896,0.56,22
135651,51.47129,5.384896,0.64,22
135651,51.47129,5.384896,0.78,22
135651,51.47129,5.384896,0.68,22
135652,51.471339,5.384761,0.63,22
135652,51.471339,5.384761,0.74,22
135652,51.471339,5.384761,0.75,22
135652,51.471339,5.384761,0.65,22
135652,51.471339,5.384761,0.54,22
135652,51.471339,5.384761,0.43,22
135652,51.471339,5.384761,0.35,22
135652,51.471339,5.384761,0.29,22
135652,51.471339,5.384761,0.38,22
135652,51.471339,5.384761,0.39,22
135653,51.471329,5.384638,0.48,22
135653,51.471329,5.384638,0.68,22
135653,51.471329,5.384638,0.68,22
135653,51.471329,5.384638,0.72,22
135653,51.471329,5.384638,0.69,22
135653,51.471329,5.384638,0.66,22
135653,51.471329,5.384638,0.57,22
135653,51.471329,5.384638,0.47,22
135653,51.471329,5.384638,0.55,22
135653,51.471329,5.384638,0.63,22
135654,51.471269,5.384535,0.72,22
135654,51.471269,5.384535,0.83,22
135654,51.471269,5.384535,0.82,22
135654,51.471269,5.384535,0.86,22
135654,51.471269,5.384535,0.84,22
135654,51.471269,5.384535,0.74,22
135654,51.471269,5.384535,0.92,22
135654,51.471269,5.384535,0.84,22
135654,51.471269,5.384535,0.83,22
135654,51.471269,5.384535,0.75,22
135655,51.471192,5.384487,0.79,21
135655,51.471192,5.384487,0.75,21
135655,51.471192,5.384487,0.76,21
135655,51.471192,5.384487,0.82,21
135655,51.471192,5.384487,0.68,21
135655,51.471192,5.384487,0.63,21
135655,51.471192,5.384487,0.52,21
135655,51.471192,5.384487,0.43,21
135655,51.471192,5.384487,0.51,21
135655,51.471192,5.384487,0.45,21
135656,51.471114,5.384529,0.36,21
135656,51.471114,5.384529,0.37,21
135656,51.471114,5.384529,0.36,21
135656,51.471114,5.384529,0.36,21
135656,51.471114,5.384529,0.39,21
135656,51.471114,5.384529,0.34,21
135656,51.471114,5.384529,0.26,21
135656,51.471114,5.384529,0.33,21
135656,51.471114,5.384529,0.48,21
135656,51.471114,5.384529,0.31,21
135657,51.471056,5.384687,0.34,21
135657,51.471056,5.384687,0.33,21
135657,51.471056,5.384687,0.39,21
135657,51.471056,5.384687,0.27,21
135657,51.471056,5.384687,0.13,21
135657,51.471056,5.384687,0.15,21
135657,51.471056,5.384687,0.1,21
135657,51.471056,5.384687,0.1,21
135657,51.471056,5.384687,0.09,21
135657,51.471056,5.384687,0.07,21
135658,51.470981,5.38487,0.12,21
135658,51.470981,5.38487,0.23,21
135658,51.470981,5.38487,0.38,21
135658,51.470981,5.38487,0.27,21
135658,51.470981,5.38487,0.4,21
135658,51.470981,5.38487,0.34,21
135658,51.470981,5.38487,0.33,21
135658,51.470981,5.38487,0.39,21
135658,51.470981,5.38487,0.4,21
135659,51.470905,5.385049,0.33,22
135659,51.470905,5.385049,0.34,22
135659,51.470905,5.385049,0.32,22
135659,51.470905,5.385049,0.46,22
135659,51.470905,5.385049,0.33,22
135659,51.470905,5.385049,0.54,22
135659,51.470905,5.385049,0.58,22
135659,51.470905,5.385049,0.54,22
135659,51.470905,5.385049,0.35,22
135659,51.470905,5.385049,0.22,22
135700,51.47084,5.385188,0.24,22
135700,51.47084,5.385188,0.39,22
135700,51.47084,5.385188,0.47,22
135700,51.47084,5.385188,0.46,22
135700,51.47084,5.385188,0.52,22
135700,51.47084,5.385188,0.56,22
135700,51.47084,5.385188,0.52,22
135700,51.47084,5.385188,0.52,22
135700,51.47084,5.385188,0.44,22
135700,51.47084,5.385188,0.47,22
135701,51.47079,5.385265,0.47,22
135701,51.47079,5.385265,0.46,22
135701,51.47079,5.385265,0.45,22
135701,51.47079,5.385265,0.46,22
135701,51.47079,5.385265,0.38,22
135701,51.47079,5.385265,0.37,22
135701,51.47079,5.385265,0.38,22
135701,51.47079,5.385265,0.35,22
135701,51.47079,5.385265,0.36,22
135701,51.47079,5.385265,0.44,22
135702,51.470741,5.385287,0.43,21
135702,51.470741,5.385287,0.44,21
135702,51.470741,5.385287,0.47,21
135702,51.470741,5.385287,0.51,21
135702,51.470741,5.385287,0.49,21
135702,51.470741,5.385287,0.43,21
135702,51.470741,5.385287,0.47,21
135702,51.470741,5.385287,0.45,21
135702,51.470741,5.385287,0.47,21
135702,51.470741,5.385287,0.45,21
135703,51.4707,5.385245,0.42,21
135703,51.4707,5.385245,0.51,21
135703,51.4707,5.385245,0.52,21
135703,51.4707,5.385245,0.48,21
135703,51.4707,5.385245,0.46,21
135703,51.4707,5.385245,0.45,21
135703,51.4707,5.385245,0.47,21
135703,51.4707,5.385245,0.61,21
135703,51.4707,5.385245,0.51,21
135703,51.4707,5.385245,0.58,21
135704,51.47068,5.385167,0.56,21
135704,51.47068,5.385167,0.36,21
135704,51.47068,5.385167,0.26,21
135704,51.47068,5.385167,0.27,21
135704,51.47068,5.385167,0.31,21
135704,51.47068,5.385167,0.27,21
135704,51.47068,5.385167,0.14,21
135704,51.47068,5.385167,0.15,21
135704,51.47068,5.385167,0.02,21
135704,51.47068,5.385167,0.3,21
135705,51.470701,5.385062,0.35,21
135705,51.470701,5.385062,0.44,21
135705,51.470701,5.385062,0.55,21
135705,51.470701,5.385062,0.56,21
135705,51.470701,5.385062,0.48,21
135705,51.470701,5.385062,0.54,21
135705,51.470701,5.385062,0.69,21
135705,51.470701,5.385062,0.75,21
135705,51.470701,5.385062,0.69,21
135705,51.470701,5.385062,0.8,21
135706,51.470747,5.384968,0.86,21
135706,51.470747,5.384968,0.79,21
135706,51.470747,5.384968,0.8,21
135706,51.470747,5.384968,0.8,21
135706,51.470747,5.384968,0.74,21
135706,51.470747,5.384968,0.76,21
135706,51.470747,5.384968,0.7,21
135706,51.470747,5.384968,0.54,21
135706,51.470747,5.384968,0.47,21
135706,51.470747,5.384968,0.42,21
135707,51.470763,5.384874,0.33,21
135707,51.470763,5.384874,0.37,21
135707,51.470763,5.384874,0.36,21
135707,51.470763,5.384874,0.4,21
135707,51.470763,5.384874,0.46,21
135707,51.470763,5.384874,0.54,21
135707,51.470763,5.384874,0.61,21
135707,51.470763,5.384874,0.66,21
135707,51.470763,5.384874,0.67,21
135707,51.470763,5.384874,0.59,21
135708,51.470715,5.384786,0.65,21
135708,51.470715,5.384786,0.67,21
135708,51.470715,5.384786,0.79,21
135708,51.470715,5.384786,0.65,21
135708,51.470715,5.384786,0.75,21
135708,51.470715,5.384786,0.82,21
135708,51.470715,5.384786,0.8,21
135708,51.470715,5.384786,0.85,21
135708,51.470715,5.384786,0.85,21
135708,51.470715,5.384786,0.91,21
135709,51.470628,5.384764,0.9,21
135709,51.470628,5.384764,0.86,21
135709,51.470628,5.384764,0.83,21
135709,51.470628,5.384764,0.62,21
135709,51.470628,5.384764,0.52,21
135709,51.470628,5.384764,0.25,21
135709,51.470628,5.384764,0.15,21
135710,51.470548,5.38481,0.27,21
135710,51.470548,5.38481,0.53,21
135710,51.470548,5.38481,0.56,21
135710,51.470548,5.38481,0.58,21
135711,51.470486,5.384921,0.61,21
135711,51.470486,5.384921,0.55,21
135711,51.470486,5.384921,0.62,21
135711,51.470486,5.384921,0.55,21
135711,51.470486,5.384921,0.64,21
135711,51.470486,5.384921,0.51,21
135711,51.470486,5.384921,0.51,21
135712,51.470412,5.384976,0.51,22
135712,51.470412,5.384976,0.45,22
135712,51.470412,5.384976,0.48,22
135712,51.470412,5.384976,0.52,22
135712,51.470412,5.384976,0.55,22
135712,51.470412,5.384976,0.52,22
135712,51.470412,5.384976,0.51,22
135712,51.470412,5.384976,0.51,22
135712,51.470412,5.384976,0.5,22
135712,51.470412,5.384976,0.55,22
135713,51.470333,5.384939,0.49,22
135713,51.470333,5.384939,0.49,22
135713,51.470333,5.384939,0.46,22
135713,51.470333,5.384939,0.46,22
135713,51.470333,5.384939,0.48,22
135713,51.470333,5.384939,0.53,22
135713,51.470333,5.384939,0.52,22
135713,51.470333,5.384939,0.65,22
135713,51.470333,5.384939,0.62,22
135713,51.470333,5.384939,0.56,22
135714,51.470289,5.384818,0.6,22
135714,51.470289,5.384818,0.61,22
135714,51.470289,5.384818,0.58,22
135714,51.470289,5.384818,0.67,22
135714,51.470289,5.384818,0.53,22
135714,51.470289,5.384818,0.63,22
135714,51.470289,5.384818,0.64,22
135714,51.470289,5.384818,0.72,22
135714,51.470289,5.384818,0.71,22
135714,51.470289,5.384818,0.53,22
135715,51.470281,5.384676,0.61,22
135715,51.470281,5.384676,0.62,22
135715,51.470281,5.384676,0.55,22
135715,51.470281,5.384676,0.51,22
135715,51.470281,5.384676,0.41,22
135715,51.470281,5.384676,0.31,22
135715,51.470281,5.384676,0.4,22
135715,51.470281,5.384676,0.36,22
135715,51.470281,5.384676,0.3,22
135715,51.470281,5.384676,0.37,22
135716,51.470323,5.384534,0.29,22
135716,51.470323,5.384534,0.42,22
135716,51.470323,5.384534,0.53,22
135716,51.470323,5.384534,0.35,22
135716,51.470323,5.384534,0.46,22
135716,51.470323,5.384534,0.42,22
135716,51.470323,5.384534,0.15,22
135716,51.470323,5.384534,0.18,22
135716,51.470323,5.384534,0.13,22
135716,51.470323,5.384534,0.22,22
135717,51.470422,5.384384,0.15,22
135717,51.470422,5.384384,0.14,22
135717,51.470422,5.384384,0.26,22
135717,51.470422,5.384384,0.41,22
135717,51.470422,5.384384,0.21,22
135717,51.470422,5.384384,0.16,22
135717,51.470422,5.384384,0.14,22
135717,51.470422,5.384384,0.1,22
135717,51.470422,5.384384,0.22,22
135717,51.470422,5.384384,0.36,22
135718,51.470513,5.384212,0.37,22
135718,51.470513,5.384212,0.34,22
135718,51.470513,5.384212,0.41,22
135718,51.470513,5.384212,0.42,22
135718,51.470513,5.384212,0.43,22
135718,51.470513,5.384212,0.44,22
135718,51.470513,5.384212,0.66,22
135718,51.470513,5.384212,0.75,22
135718,51.470513,5.384212,0.72,22
135718,51.470513,5.384212,0.62,22
135719,51.470592,5.384047,0.5,22
135719,51.470592,5.384047,0.52,22
135719,51.470592,5.384047,0.36,22
135719,51.470592,5.384047,0.45,22
135719,51.470592,5.384047,0.52,22
135719,51.470592,5.384047,0.56,22
135719,51.470592,5.384047,0.6,22
135719,51.470592,5.384047,0.71,22
135719,51.470592,5.384047,0.66,22
135719,51.470592,5.384047,0.64,22
135720,51.470638,5.383915,0.62,22
135720,51.470638,5.383915,0.62,22
135720,51.470638,5.383915,0.64,22
135720,51.470638,5.383915,0.56,22
135720,51.470638,5.383915,0.61,22
135720,51.470638,5.383915,0.57,22
135720,51.470638,5.383915,0.59,22
135720,51.470638,5.383915,0.62,22
135720,51.470638,5.383915,0.52,22
135721,51.47064,5.383797,0.55,22
135721,51.47064,5.383797,0.64,22
135721,51.47064,5.383797,0.59,22
135721,51.47064,5.383797,0.52,22
135721,51.47064,5.383797,0.61,22
135721,51.47064,5.383797,0.55,22
135721,51.47064,5.383797,0.46,22
135721,51.47064,5.383797,0.41,22
135721,51.47064,5.383797,0.33,22
135721,51.47064,5.383797,0.3,22
135722,51.470596,5.38368,0.35,22
135722,51.470596,5.38368,0.17,22
135722,51.470596,5.38368,0.21,22
135722,51.470596,5.38368,0.23,22
135722,51.470596,5.38368,0.29,22
135722,51.470596,5.38368,0.32,22
135722,51.470596,5.38368,0.32,22
135722,51.470596,5.38368,0.23,22
135722,51.470596,5.38368,0.32,22
135722,51.470596,5.38368,0.47,22
135723,51.470522,5.38357,0.35,22
135723,51.470522,5.38357,0.28,22
135723,51.470522,5.38357,0.44,22
135723,51.470522,5.38357,0.52,22
135723,51.470522,5.38357,0.52,22
135723,51.470522,5.38357,0.61,22
135723,51.470522,5.38357,0.58,22
135723,51.470522,5.38357,0.6,22
135723,51.470522,5.38357,0.52,22
135723,51.470522,5.38357,0.58,22
135724,51.470441,5.383487,0.56,22
135724,51.470441,5.383487,0.56,22
135724,51.470441,5.383487,0.57,22
135724,51.470441,5.383487,0.59,22
135724,51.470441,5.383487,0.62,22
135724,51.470441,5.383487,0.61,22
135724,51.470441,5.383487,0.55,22
135724,51.470441,5.383487,0.65,22
135724,51.470441,5.383487,0.68,22
135724,51.470441,5.383487,0.79,22
135725,51.470361,5.383458,0.73,22
135725,51.470361,5.383458,0.82,22
135725,51.470361,5.383458,0.75,22
135725,51.470361,5.383458,0.7,22
135725,51.470361,5.383458,0.78,22
135725,51.470361,5.383458,0.7,22
135725,51.470361,5.383458,0.67,22
135725,51.470361,5.383458,0.62,22
135725,51.470361,5.383458,0.62,22
135725,51.470361,5.383458,0.63,22
135726,51.470278,5.383523,0.53,22
135726,51.470278,5.383523,0.6,22
135726,51.470278,5.383523,0.44,22
135726,51.470278,5.383523,0.47,22
135726,51.470278,5.383523,0.37,22
135726,51.470278,5.383523,0.43,22
135726,51.470278,5.383523,0.3,22
135726,51.470278,5.383523,0.35,22
135726,51.470278,5.383523,0.32,22
135726,51.470278,5.383523,0.33,22
135727,51.470196,5.383663,0.4,22
135727,51.470196,5.383663,0.38,22
135727,51.470196,5.383663,0.32,22
135727,51.470196,5.383663,0.05,22
135727,51.470196,5.383663,0.02,22
135727,51.470196,5.383663,0.08,22
135727,51.470196,5.383663,0.13,22
135727,51.470196,5.383663,0.09,22
135727,51.470196,5.383663,0.09,22
135727,51.470196,5.383663,0.04,22
135728,51.470116,5.383854,0.36,22
135728,51.470116,5.383854,0.35,22
135728,51.470116,5.383854,0.29,22
135728,51.470116,5.383854,0.08,22
135728,51.470116,5.383854,0.08,22
135728,51.470116,5.383854,0.39,22
135728,51.470116,5.383854,0.15,22
135728,51.470116,5.383854,0.36,22
135728,51.470116,5.383854,0.15,22
135728,51.470116,5.383854,0.32,22
135729,51.470029,5.384051,0.19,22
135729,51.470029,5.384051,0.33,22
135729,51.470029,5.384051,0.19,22
135729,51.470029,5.384051,0.26,22
135729,51.470029,5.384051,0.18,22
135729,51.470029,5.384051,0.25,22
135729,51.470029,5.384051,0.25,22
135729,51.470029,5.384051,0.26,22
135729,51.470029,5.384051,0.19,22
135729,51.470029,5.384051,0.28,22
135730,51.469926,5.384261,0.26,22
135730,51.469926,5.384261,0.29,22
135730,51.469926,5.384261,0.12,22
135730,51.469926,5.384261,0.08,22
135730,51.469926,5.384261,0.21,22
135730,51.469926,5.384261,0.25,22
135730,51.469926,5.384261,0.34,22
135730,51.469926,5.384261,0.3,22
135730,51.469926,5.384261,0.35,22
135730,51.469926,5.384261,0.27,22
135731,51.469813,5.38448,0.25,22
135731,51.469813,5.38448,0.35,22
135731,51.469813,5.38448,0.35,22
135731,51.469813,5.38448,0.41,22
135731,51.469813,5.38448,0.35,22
135731,51.469813,5.38448,0.41,22
135731,51.469813,5.38448,0.4,22
135731,51.469813,5.38448,0.39,22
135731,51.469813,5.38448,0.42,22
135731,51.469813,5.38448,0.54,22
135732,51.469708,5.384666,0.59,22
135732,51.469708,5.384666,0.58,22
135732,51.469708,5.384666,0.62,22
135732,51.469708,5.384666,0.6,22
135732,51.469708,5.384666,0.57,22
135732,51.469708,5.384666,0.51,22
135732,51.469708,5.384666,0.43,22
135732,51.469708,5.384666,0.34,22
135732,51.469708,5.384666,0.09,22
135732,51.469708,5.384666,0.16,22
135733,51.46963,5.384801,0.29,22
135733,51.46963,5.384801,0.22,22
135733,51.46963,5.384801,0.25,22
135733,51.46963,5.384801,0.32,22
135733,51.46963,5.384801,0.35,22
135733,51.46963,5.384801,0.39,22
135733,51.46963,5.384801,0.45,22
135733,51.46963,5.384801,0.44,22
135733,51.46963,5.384801,0.44,22
135733,51.46963,5.384801,0.45,22
135734,51.469568,5.384891,0.56,22
135734,51.469568,5.384891,0.49,22
135734,51.469568,5.384891,0.46,22
135734,51.469568,5.384891,0.53,22
135734,51.469568,5.384891,0.54,22
135734,51.469568,5.384891,0.57,22
135734,51.469568,5.384891,0.55,22
135734,51.469568,5.384891,0.55,22
135734,51.469568,5.384891,0.61,22
135734,51.469568,5.384891,0.49,22
135735,51.469495,5.384934,0.53,22
135735,51.469495,5.384934,0.48,22
135735,51.469495,5.384934,0.51,22
135735,51.469495,5.384934,0.43,22
135735,51.469495,5.384934,0.48,22
135735,51.469495,5.384934,0.5,22
135735,51.469495,5.384934,0.55,22
135735,51.469495,5.384934,0.58,22
135735,51.469495,5.384934,0.76,22
135735,51.469495,5.384934,0.68,22
135736,51.469408,5.384907,0.63,22
135736,51.469408,5.384907,0.44,22
135736,51.469408,5.384907,0.4,22
135736,51.469408,5.384907,0.45,22
135736,51.469408,5.384907,0.35,22
135736,51.469408,5.384907,0.44,22
135736,51.469408,5.384907,0.45,22
135736,51.469408,5.384907,0.5,22
135736,51.469408,5.384907,0.32,22
135736,51.469408,5.384907,0.41,22
135737,51.469325,5.384778,0.29,22
135737,51.469325,5.384778,0.37,22
135737,51.469325,5.384778,0.29,22
135737,51.469325,5.384778,0.31,22
135737,51.469325,5.384778,0.32,22
135737,51.469325,5.384778,0.01,22
135737,51.469325,5.384778,0.02,22
135737,51.469325,5.384778,0.03,22
135737,51.469325,5.384778,0.03,22
135737,51.469325,5.384778,0.1,22
135738,51.469247,5.384591,0.04,22
135738,51.469247,5.384591,0.02,22
135738,51.469247,5.384591,0.15,22
135738,51.469247,5.384591,0.25,22
135738,51.469247,5.384591,0.21,22
135738,51.469247,5.384591,0.42,22
135738,51.469247,5.384591,0.19,22
135738,51.469247,5.384591,0.35,22
135738,51.469247,5.384591,0.25,22
135739,51.469168,5.384393,0.35,22
135739,51.469168,5.384393,0.29,22
135739,51.469168,5.384393,0.41,22
135739,51.469168,5.384393,0.4,22
135739,51.469168,5.384393,0.53,22
135739,51.469168,5.384393,0.49,22
135739,51.469168,5.384393,0.49,22
135739,51.469168,5.384393,0.5,22
135739,51.469168,5.384393,0.56,22
135739,51.469168,5.384393,0.58,22
135739,51.469168,5.384393,0.54,22
135740,51.46907,5.384187,0.53,22
135740,51.46907,5.384187,0.53,22
135740,51.46907,5.384187,0.52,22
135740,51.46907,5.384187,0.54,22
135740,51.46907,5.384187,0.61,22
135740,51.46907,5.384187,0.55,22
135740,51.46907,5.384187,0.58,22
135740,51.46907,5.384187,0.63,22
135740,51.46907,5.384187,0.6,22
135741,51.468945,5.38401,0.72,22
135741,51.468945,5.38401,0.67,22
135741,51.468945,5.38401,0.73,22
135741,51.468945,5.38401,0.76,22
135741,51.468945,5.38401,0.72,22
135741,51.468945,5.38401,0.7,22
135741,51.468945,5.38401,0.63,22
135741,51.468945,5.38401,0.75,22
135741,51.468945,5.38401,0.7,22
135741,51.468945,5.38401,0.56,22
135742,51.468794,5.383886,0.55,22
135742,51.468794,5.383886,0.38,22
135742,51.468794,5.383886,0.3,22
135742,51.468794,5.383886,0.34,22
135742,51.468794,5.383886,0.36,22
135742,51.468794,5.383886,0.38,22
135742,51.468794,5.383886,0.48,22
135742,51.468794,5.383886,0.44,22
135742,51.468794,5.383886,0.55,22
135742,51.468794,5.383886,0.53,22
135743,51.468615,5.383832,0.52,22
135743,51.468615,5.383832,0.5,22
135743,51.468615,5.383832,0.53,22
135743,51.468615,5.383832,0.56,22
135743,51.468615,5.383832,0.57,22
135743,51.468615,5.383832,0.51,22
135743,51.468615,5.383832,0.56,22
135743,51.468615,5.383832,0.51,22
135743,51.468615,5.383832,0.39,22
135743,51.468615,5.383832,0.39,22
135744,51.468451,5.38375,0.3,22
135744,51.468451,5.38375,0.29,22
135744,51.468451,5.38375,0.25,22
135744,51.468451,5.38375,0.31,22
135744,51.468451,5.38375,0.39,22
135744,51.468451,5.38375,0.57,22
135744,51.468451,5.38375,0.45,22
135744,51.468451,5.38375,0.54,22
135744,51.468451,5.38375,0.58,22
135744,51.468451,5.38375,0.48,22
135745,51.468315,5.38362,0.58,22
135745,51.468315,5.38362,0.45,22
135745,51.468315,5.38362,0.41,22
135745,51.468315,5.38362,0.51,22
135745,51.468315,5.38362,0.44,22
135745,51.468315,5.38362,0.47,22
135745,51.468315,5.38362,0.56,22
135745,51.468315,5.38362,0.47,22
135745,51.468315,5.38362,0.39,22
135745,51.468315,5.38362,0.4,22
135746,51.468219,5.383425,0.43,21
135746,51.468219,5.383425,0.32,21
135746,51.468219,5.383425,0.21,21
135746,51.468219,5.383425,0.27,21
135746,51.468219,5.383425,0.24,21
135746,51.468219,5.383425,0.33,21
135746,51.468219,5.383425,0.5,21
135746,51.468219,5.383425,0.48,21
135746,51.468219,5.383425,0.38,21
135746,51.468219,5.383425,0.53,21
135747,51.468154,5.383161,0.48,21
135747,51.468154,5.383161,0.56,21
135747,51.468154,5.383161,0.56,21
135747,51.468154,5.383161,0.6,21
135747,51.468154,5.383161,0.53,21
135747,51.468154,5.383161,0.59,21
135747,51.468154,5.383161,0.55,21
135747,51.468154,5.383161,0.67,21
135747,51.468154,5.383161,0.57,21
135747,51.468154,5.383161,0.67,21
135748,51.468062,5.382896,0.53,21
135748,51.468062,5.382896,0.66,21
135748,51.468062,5.382896,0.65,21
135748,51.468062,5.382896,0.79,21
135748,51.468062,5.382896,0.75,21
135748,51.468062,5.382896,0.74,21
135748,51.468062,5.382896,0.72,21
135748,51.468062,5.382896,0.76,21
135748,51.468062,5.382896,0.78,21
135748,51.468062,5.382896,0.68,21
135749,51.46793,5.382673,0.56,22
135749,51.46793,5.382673,0.42,22
135749,51.46793,5.382673,0.5,22
135749,51.46793,5.382673,0.28,22
135749,51.46793,5.382673,0.38,22
135749,51.46793,5.382673,0.24,22
135749,51.46793,5.382673,0.35,22
135749,51.46793,5.382673,0.23,22
135749,51.46793,5.382673,0.08,22
135749,51.46793,5.382673,0.22,22
135750,51.467758,5.38251,0.19,22
135750,51.467758,5.38251,0.33,22
135750,51.467758,5.38251,0.23,22
135750,51.467758,5.38251,0.41,22
135750,51.467758,5.38251,0.44,22
135750,51.467758,5.38251,0.43,22
135750,51.467758,5.38251,0.38,22
135750,51.467758,5.38251,0.48,22
135750,51.467758,5.38251,0.45,22
135750,51.467758,5.38251,0.42,22
135751,51.467576,5.382353,0.55,22
135751,51.467576,5.382353,0.5,22
135751,51.467576,5.382353,0.4,22
135751,51.467576,5.382353,0.43,22
135751,51.467576,5.382353,0.55,22
135751,51.467576,5.382353,0.49,22
135751,51.467576,5.382353,0.44,22
135751,51.467576,5.382353,0.46,22
135751,51.467576,5.382353,0.4,22
135752,51.467414,5.382168,0.43,22
135752,51.467414,5.382168,0.5,22
135752,51.467414,5.382168,0.56,22
135752,51.467414,5.382168,0.59,22
135752,51.467414,5.382168,0.48,22
135752,51.467414,5.382168,0.43,22
135752,51.467414,5.382168,0.45,22
135752,51.467414,5.382168,0.18,22
135752,51.467414,5.382168,0.27,22
135752,51.467414,5.382168,0.21,22
135752,51.467414,5.382168,0.34,22
135753,51.467294,5.381918,0.37,22
135753,51.467294,5.381918,0.38,22
135753,51.467294,5.381918,0.47,22
135753,51.467294,5.381918,0.54,22
135753,51.467294,5.381918,0.52,22
135753,51.467294,5.381918,0.56,22
135753,51.467294,5.381918,0.55,22
135753,51.467294,5.381918,0.59,22
135753,51.467294,5.381918,0.67,22
135753,51.467294,5.381918,0.62,22
135754,51.467199,5.381662,0.61,22
135754,51.467199,5.381662,0.63,22
135754,51.467199,5.381662,0.54,22
135754,51.467199,5.381662,0.37,22
135754,51.467199,5.381662,0.4,22
135754,51.467199,5.381662,0.37,22
135754,51.467199,5.381662,0.29,22
135754,51.467199,5.381662,0.22,22
135754,51.467199,5.381662,0.14,22
135754,51.467199,5.381662,0.17,22
135755,51.4671,5.381461,0.2,22
135755,51.4671,5.381461,0.17,22
135755,51.4671,5.381461,0.18,22
135755,51.4671,5.381461,0.17,22
135755,51.4671,5.381461,0.18,22
135755,51.4671,5.381461,0.18,22
135755,51.4671,5.381461,0.23,22
135755,51.4671,5.381461,0.25,22
135755,51.4671,5.381461,0.37,22
135755,51.4671,5.381461,0.39,22
135756,51.466991,5.381327,0.51,22
135756,51.466991,5.381327,0.59,22
135756,51.466991,5.381327,0.5,22
135756,51.466991,5.381327,0.7,22
135756,51.466991,5.381327,0.79,22
135756,51.466991,5.381327,0.6,22
135756,51.466991,5.381327,0.64,22
135756,51.466991,5.381327,0.6,22
135756,51.466991,5.381327,0.69,22
135757,51.466886,5.381228,0.62,22
135757,51.466886,5.381228,0.52,22
135757,51.466886,5.381228,0.39,22
135757,51.466886,5.381228,0.5,22
135757,51.466886,5.381228,0.11,22
135757,51.466886,5.381228,0.54,22
135757,51.466886,5.381228,0.45,22
135757,51.466886,5.381228,0.14,22
135757,51.466886,5.381228,0.12,22
135757,51.466886,5.381228,0.04,22
135758,51.46679,5.38117,0.21,22
135758,51.46679,5.38117,0.38,22
135758,51.46679,5.38117,0.14,22
135758,51.46679,5.38117,0.22,22
135758,51.46679,5.38117,0.24,22
135758,51.46679,5.38117,0.22,22
135758,51.46679,5.38117,0.29,22
135758,51.46679,5.38117,0.43,22
135758,51.46679,5.38117,0.53,22
135758,51.46679,5.38117,0.55,22
135759,51.466706,5.381111,0.6,22
135759,51.466706,5.381111,0.43,22
135759,51.466706,5.381111,0.34,22
135759,51.466706,5.381111,0.27,22
135759,51.466706,5.381111,0.27,22
135759,51.466706,5.381111,0.3,22
135759,51.466706,5.381111,0.35,22
135759,51.466706,5.381111,0.29,22
135759,51.466706,5.381111,0.27,22
135759,51.466706,5.381111,0.27,22
135800,51.466629,5.381012,0.33,22
135800,51.466629,5.381012,0.28,22
135800,51.466629,5.381012,0.3,22
135800,51.466629,5.381012,0.34,22
135800,51.466629,5.381012,0.35,22
135800,51.466629,5.381012,0.35,22
135800,51.466629,5.381012,0.31,22
135800,51.466629,5.381012,0.37,22
135800,51.466629,5.381012,0.34,22
135800,51.466629,5.381012,0.38,22
135801,51.466561,5.380856,0.34,22
135801,51.466561,5.380856,0.34,22
135801,51.466561,5.380856,0.35,22
135801,51.466561,5.380856,0.38,22
135801,51.466561,5.380856,0.41,22
135801,51.466561,5.380856,0.37,22
135801,51.466561,5.380856,0.39,22
135801,51.466561,5.380856,0.38,22
135801,51.466561,5.380856,0.41,22
135801,51.466561,5.380856,0.48,22
135802,51.466519,5.380652,0.49,22
135802,51.466519,5.380652,0.4,22
135802,51.466519,5.380652,0.41,22
135802,51.466519,5.380652,0.42,22
135802,51.466519,5.380652,0.4,22
135802,51.466519,5.380652,0.38,22
135802,51.466519,5.380652,0.44,22
135802,51.466519,5.380652,0.33,22
135802,51.466519,5.380652,0.36,22
135802,51.466519,5.380652,0.42,22
135803,51.466506,5.380424,0.44,22
135803,51.466506,5.380424,0.46,22
135803,51.466506,5.380424,0.43,22
135803,51.466506,5.380424,0.46,22
135803,51.466506,5.380424,0.38,22
135803,51.466506,5.380424,0.43,22
135803,51.466506,5.380424,0.49,22
135803,51.466506,5.380424,0.48,22
135803,51.466506,5.380424,0.44,22
135803,51.466506,5.380424,0.48,22
135804,51.466528,5.380183,0.5,22
135804,51.466528,5.380183,0.36,22
135804,51.466528,5.380183,0.41,22
135804,51.466528,5.380183,0.27,22
135804,51.466528,5.380183,0.25,22
135804,51.466528,5.380183,0.21,22
135804,51.466528,5.380183,0.23,22
135804,51.466528,5.380183,0.2,22
135804,51.466528,5.380183,0.29,22
135804,51.466528,5.380183,0.28,22
135805,51.466595,5.379928,0.24,22
135805,51.466595,5.379928,0.27,22
135805,51.466595,5.379928,0.23,22
135805,51.466595,5.379928,0.21,22
135805,51.466595,5.379928,0.26,22
135805,51.466595,5.379928,0.26,22
135805,51.466595,5.379928,0.27,22
135805,51.466595,5.379928,0.44,22
135805,51.466595,5.379928,0.39,22
135805,51.466595,5.379928,0.48,22
135806,51.466709,5.379696,0.52,22
135806,51.466709,5.379696,0.53,22
135806,51.466709,5.379696,0.52,22
135806,51.466709,5.379696,0.54,22
135806,51.466709,5.379696,0.52,22
135806,51.466709,5.379696,0.5,22
135806,51.466709,5.379696,0.47,22
135806,51.466709,5.379696,0.4,22
135806,51.466709,5.379696,0.36,22
135806,51.466709,5.379696,0.37,22
135807,51.466808,5.379502,0.18,22
135807,51.466808,5.379502,0.14,22
135807,51.466808,5.379502,0.3,22
135807,51.466808,5.379502,0.26,22
135807,51.466808,5.379502,0.25,22
135807,51.466808,5.379502,0.32,22
135807,51.466808,5.379502,0.49,22
135807,51.466808,5.379502,0.42,22
135807,51.466808,5.379502,0.46,22
135807,51.466808,5.379502,0.48,22
135808,51.466873,5.379366,0.51,22
135808,51.466873,5.379366,0.53,22
135808,51.466873,5.379366,0.44,22
135808,51.466873,5.379366,0.49,22
135808,51.466873,5.379366,0.51,22
135808,51.466873,5.379366,0.47,22
135808,51.466873,5.379366,0.43,22
135808,51.466873,5.379366,0.45,22
135808,51.466873,5.379366,0.43,22
135809,51.466938,5.379283,0.42,22
135809,51.466938,5.379283,0.52,22
135809,51.466938,5.379283,0.58,22
135809,51.466938,5.379283,0.49,22
135809,51.466938,5.379283,0.49,22
135809,51.466938,5.379283,0.62,22
135809,51.466938,5.379283,0.48,22
135809,51.466938,5.379283,0.59,22
135809,51.466938,5.379283,0.56,22
135809,51.466938,5.379283,0.55,22
135810,51.467017,5.379267,0.65,22
135810,51.467017,5.379267,0.56,22
135810,51.467017,5.379267,0.57,22
135810,51.467017,5.379267,0.58,22
135810,51.467017,5.379267,0.54,22
135810,51.467017,5.379267,0.31,22
135810,51.467017,5.379267,0.46,22
135810,51.467017,5.379267,0.5,22
135810,51.467017,5.379267,0.36,22
135810,51.467017,5.379267,0.33,22
135811,51.467107,5.379324,0.42,22
135811,51.467107,5.379324,0.27,22
135811,51.467107,5.379324,0.43,22
135811,51.467107,5.379324,0.3,22
135811,51.467107,5.379324,0.26,22
135811,51.467107,5.379324,0.27,22
135811,51.467107,5.379324,0.28,22
135811,51.467107,5.379324,0.4,22
135811,51.467107,5.379324,0.26,22
135811,51.467107,5.379324,0.19,22
135812,51.467216,5.379456,0.16,22
135812,51.467216,5.379456,0.06,22
135812,51.467216,5.379456,0.14,22
135812,51.467216,5.379456,0.42,22
135812,51.467216,5.379456,0.24,22
135812,51.467216,5.379456,0.11,22
135812,51.467216,5.379456,0.28,22
135812,51.467216,5.379456,0.33,22
135812,51.467216,5.379456,0.21,22
135812,51.467216,5.379456,0.23,22
135813,51.467335,5.379591,0.32,22
135813,51.467335,5.379591,0.44,22
135813,51.467335,5.379591,0.44,22
135813,51.467335,5.379591,0.49,22
135813,51.467335,5.379591,0.54,22
135813,51.467335,5.379591,0.62,22
135813,51.467335,5.379591,0.57,22
135813,51.467335,5.379591,0.61,22
135813,51.467335,5.379591,0.63,22
135813,51.467335,5.379591,0.67,22
135814,51.467432,5.379714,0.64,22
135814,51.467432,5.379714,0.77,22
135814,51.467432,5.379714,0.68,22
135814,51.467432,5.379714,0.67,22
135814,51.467432,5.379714,0.61,22
135814,51.467432,5.379714,0.66,22
135814,51.467432,5.379714,0.66,22
135814,51.467432,5.379714,0.51,22
135814,51.467432,5.379714,0.51,22
135814,51.467432,5.379714,0.53,22
135815,51.467482,5.379837,0.36,22
135815,51.467482,5.379837,0.52,22
135815,51.467482,5.379837,0.51,22
135815,51.467482,5.379837,0.61,22
135815,51.467482,5.379837,0.61,22
135815,51.467482,5.379837,0.61,22
135815,51.467482,5.379837,0.56,22
135815,51.467482,5.379837,0.55,22
135815,51.467482,5.379837,0.56,22
135815,51.467482,5.379837,0.5,22
135816,51.467472,5.379968,0.58,22
135816,51.467472,5.379968,0.61,22
135816,51.467472,5.379968,0.48,22
135816,51.467472,5.379968,0.39,22
135816,51.467472,5.379968,0.46,22
135816,51.467472,5.379968,0.33,22
135816,51.467472,5.379968,0.38,22
135816,51.467472,5.379968,0.28,22
135816,51.467472,5.379968,0.31,22
135816,51.467472,5.379968,0.18,22
135817,51.467412,5.380105,0.2,22
135817,51.467412,5.380105,0.4,22
135817,51.467412,5.380105,0.27,22
135817,51.467412,5.380105,0.38,22
135817,51.467412,5.380105,0.48,22
135817,51.467412,5.380105,0.57,22
135817,51.467412,5.380105,0.45,22
135817,51.467412,5.380105,0.57,22
135817,51.467412,5.380105,0.58,22
135817,51.467412,5.380105,0.55,22
135818,51.467325,5.380256,0.57,22
135818,51.467325,5.380256,0.64,22
135818,51.467325,5.380256,0.62,22
135818,51.467325,5.380256,0.69,22
135818,51.467325,5.380256,0.76,22
135818,51.467325,5.380256,0.8,22
135818,51.467325,5.380256,0.77,22
135818,51.467325,5.380256,0.9,22
135818,51.467325,5.380256,0.85,22
135818,51.467325,5.380256,0.81,22
135819,51.467253,5.380414,0.83,22
135819,51.467253,5.380414,0.83,22
135819,51.467253,5.380414,0.72,22
135819,51.467253,5.380414,0.77,22
135819,51.467253,5.380414,0.82,22
135819,51.467253,5.380414,0.88,22
135819,51.467253,5.380414,0.76,22
135819,51.467253,5.380414,0.82,22
135819,51.467253,5.380414,0.68,22
135819,51.467253,5.380414,0.81,22
135820,51.467233,5.380566,0.75,22
135820,51.467233,5.380566,0.7,22
135820,51.467233,5.380566,0.78,22
135820,51.467233,5.380566,0.66,22
135820,51.467233,5.380566,0.62,22
135820,51.467233,5.380566,0.58,22
135820,51.467233,5.380566,0.52,22
135820,51.467233,5.380566,0.63,22
135820,51.467233,5.380566,0.62,22
135820,51.467233,5.380566,0.54,22
135821,51.467277,5.380705,0.42,22
135821,51.467277,5.380705,0.3,22
135821,51.467277,5.380705,0.3,22
135821,51.467277,5.380705,0.4,22
135821,51.467277,5.380705,0.24,22
135821,51.467277,5.380705,0.12,22
135821,51.467277,5.380705,0.06,22
135821,51.467277,5.380705,0.06,22
135821,51.467277,5.380705,0.07,22
135821,51.467277,5.380705,0.03,22
135822,51.467401,5.38082,0.09,22
135822,51.467401,5.38082,0.15,22
135822,51.467401,5.38082,0.18,22
135822,51.467401,5.38082,0.29,22
135822,51.467401,5.38082,0.49,22
135822,51.467401,5.38082,0.28,22
135822,51.467401,5.38082,0.4,22
135822,51.467401,5.38082,0.34,22
135822,51.467401,5.38082,0.37,22
135822,51.467401,5.38082,0.38,22
135823,51.46755,5.380941,0.45,22
135823,51.46755,5.380941,0.5,22
135823,51.46755,5.380941,0.46,22
135823,51.46755,5.380941,0.5,22
135823,51.46755,5.380941,0.55,22
135823,51.46755,5.380941,0.48,22
135823,51.46755,5.380941,0.6,22
135823,51.46755,5.380941,0.57,22
135823,51.46755,5.380941,0.63,22
135823,51.46755,5.380941,0.49,22
135824,51.467683,5.381101,0.67,22
135824,51.467683,5.381101,0.71,22
135824,51.467683,5.381101,0.58,22
135824,51.467683,5.381101,0.7,22
135824,51.467683,5.381101,0.65,22
135824,51.467683,5.381101,0.52,22
135824,51.467683,5.381101,0.37,22
135824,51.467683,5.381101,0.67,22
135824,51.467683,5.381101,0.57,22
135825,51.467771,5.38133,0.63,22
135825,51.467771,5.38133,0.25,22
135825,51.467771,5.38133,0.11,22
135825,51.467771,5.38133,0.09,22
135825,51.467771,5.38133,0.19,22
135825,51.467771,5.38133,0.56,22
135825,51.467771,5.38133,0.62,22
135825,51.467771,5.38133,0.66,22
135825,51.467771,5.38133,0.68,22
135825,51.467771,5.38133,0.75,22
135826,51.467816,5.381589,0.94,22
135826,51.467816,5.381589,0.75,22
135826,51.467816,5.381589,0.93,22
135826,51.467816,5.381589,0.83,22
135826,51.467816,5.381589,0.81,22
135826,51.467816,5.381589,0.72,22
135826,51.467816,5.381589,0.68,22
135826,51.467816,5.381589,0.81,22
135826,51.467816,5.381589,0.79,22
135826,51.467816,5.381589,0.78,22
135827,51.467858,5.381836,0.84,22
135827,51.467858,5.381836,0.77,22
135827,51.467858,5.381836,0.33,22
135827,51.467858,5.381836,0.04,22
135827,51.467858,5.381836,0.19,22
135827,51.467858,5.381836,0.23,22
135827,51.467858,5.381836,0.25,22
135827,51.467858,5.381836,0.46,22
135827,51.467858,5.381836,0.3,22
135827,51.467858,5.381836,0.47,22
135828,51.467952,5.382016,0.43,22
135828,51.467952,5.382016,0.38,22
135828,51.467952,5.382016,0.48,22
135828,51.467952,5.382016,0.47,22
135828,51.467952,5.382016,0.46,22
135828,51.467952,5.382016,0.46,22
135828,51.467952,5.382016,0.5,22
135828,51.467952,5.382016,0.67,22
135828,51.467952,5.382016,0.81,22
135828,51.467952,5.382016,0.75,22
135829,51.468068,5.38213,0.79,22
135829,51.468068,5.38213,0.74,22
135829,51.468068,5.38213,0.65,22
135829,51.468068,5.38213,0.68,22
135829,51.468068,5.38213,0.68,22
135829,51.468068,5.38213,0.76,22
135829,51.468068,5.38213,0.74,22
135829,51.468068,5.38213,0.69,22
135829,51.468068,5.38213,0.72,22
135829,51.468068,5.38213,0.73,22
135830,51.468155,5.382202,0.74,22
135830,51.468155,5.382202,0.86,22
135830,51.468155,5.382202,0.75,22
135830,51.468155,5.382202,0.72,22
135830,51.468155,5.382202,0.88,22
135830,51.468155,5.382202,0.79,22
135830,51.468155,5.382202,0.8,22
135830,51.468155,5.382202,0.84,22
135830,51.468155,5.382202,0.67,22
135830,51.468155,5.382202,0.74,22
135831,51.468235,5.382185,0.56,22
135831,51.468235,5.382185,0.53,22
135831,51.468235,5.382185,0.47,22
135831,51.468235,5.382185,0.55,22
135831,51.468235,5.382185,0.47,22
135831,51.468235,5.382185,0.46,22
135831,51.468235,5.382185,0.38,22
135831,51.468235,5.382185,0.36,22
135831,51.468235,5.382185,0.28,22
135831,51.468235,5.382185,0.32,22
135832,51.468309,5.382068,0.3,22
135832,51.468309,5.382068,0.32,22
135832,51.468309,5.382068,0.44,22
135832,51.468309,5.382068,0.34,22
135832,51.468309,5.382068,0.41,22
135832,51.468309,5.382068,0.33,22
135832,51.468309,5.382068,0.28,22
135832,51.468309,5.382068,0.27,22
135832,51.468309,5.382068,0.32,22
135832,51.468309,5.382068,0.11,22
135833,51.468389,5.381895,0.01,22
135833,51.468389,5.381895,0.02,22
135833,51.468389,5.381895,0.12,22
135833,51.468389,5.381895,0.15,22
135833,51.468389,5.381895,0.08,22
135833,51.468389,5.381895,0.05,22
135833,51.468389,5.381895,0.07,22
135833,51.468389,5.381895,0.09,22
135833,51.468389,5.381895,0.05,22
135833,51.468389,5.381895,0.05,22
135834,51.468478,5.381715,0.11,22
135834,51.468478,5.381715,0.06,22
135834,51.468478,5.381715,0.09,22
135834,51.468478,5.381715,0.17,22
135834,51.468478,5.381715,0.16,22
135834,51.468478,5.381715,0.35,22
135834,51.468478,5.381715,0.36,22
135834,51.468478,5.381715,0.13,22
135834,51.468478,5.381715,0.33,22
135834,51.468478,5.381715,0.16,22
135835,51.468568,5.381539,0.25,22
135835,51.468568,5.381539,0.18,22
135835,51.468568,5.381539,0.15,22
135835,51.468568,5.381539,0.28,22
135835,51.468568,5.381539,0.3,22
135835,51.468568,5.381539,0.25,22
135835,51.468568,5.381539,0.23,22
135835,51.468568,5.381539,0.23,22
135835,51.468568,5.381539,0.22,22
135835,51.468568,5.381539,0.25,22
135836,51.468662,5.381349,0.3,22
135836,51.468662,5.381349,0.28,22
135836,51.468662,5.381349,0.21,22
135836,51.468662,5.381349,0.28,22
135836,51.468662,5.381349,0.23,22
135836,51.468662,5.381349,0.24,22
135836,51.468662,5.381349,0.23,22
135836,51.468662,5.381349,0.28,22
135836,51.468662,5.381349,0.15,22
135836,51.468662,5.381349,0.33,22
135837,51.46877,5.381138,0.29,22
135837,51.46877,5.381138,0.13,22
135837,51.46877,5.381138,0.4,22
135837,51.46877,5.381138,0.37,22
135837,51.46877,5.381138,0.33,22
135837,51.46877,5.381138,0.28,22
135837,51.46877,5.381138,0.28,22
135837,51.46877,5.381138,0.35,22
135837,51.46877,5.381138,0.36,22
135837,51.46877,5.381138,0.4,22
135838,51.468885,5.380914,0.41,22
135838,51.468885,5.380914,0.44,22
135838,51.468885,5.380914,0.36,22
135838,51.468885,5.380914,0.43,22
135838,51.468885,5.380914,0.39,22
135838,51.468885,5.380914,0.41,22
135838,51.468885,5.380914,0.46,22
135838,51.468885,5.380914,0.5,22
135838,51.468885,5.380914,0.56,22
135839,51.468982,5.380716,0.56,22
135839,51.468982,5.380716,0.56,22
135839,51.468982,5.380716,0.57,22
135839,51.468982,5.380716,0.61,22
135839,51.468982,5.380716,0.47,22
135839,51.468982,5.380716,0.48,22
135839,51.468982,5.380716,0.49,22
135839,51.468982,5.380716,0.37,22
135839,51.468982,5.380716,0.47,22
135839,51.468982,5.380716,0.6,22
135840,51.46905,5.380572,0.63,22
135840,51.46905,5.380572,0.71,22
135840,51.46905,5.380572,0.77,22
135840,51.46905,5.380572,0.79,22
135840,51.46905,5.380572,0.8,22
135840,51.46905,5.380572,0.81,22
135840,51.46905,5.380572,0.74,22
135840,51.46905,5.380572,0.77,22
135840,51.46905,5.380572,0.73,22
135840,51.46905,5.380572,0.72,22
135841,51.469082,5.380448,0.72,22
135841,51.469082,5.380448,0.81,22
135841,51.469082,5.380448,0.75,22
135841,51.469082,5.380448,0.72,22
135841,51.469082,5.380448,0.76,22
135841,51.469082,5.380448,0.8,22
135841,51.469082,5.380448,0.84,22
135841,51.469082,5.380448,0.77,22
135841,51.469082,5.380448,0.74,22
135841,51.469082,5.380448,0.76,22
135842,51.46907,5.380324,0.61,22
135842,51.46907,5.380324,0.56,22
135842,51.46907,5.380324,0.49,22
135842,51.46907,5.380324,0.42,22
135842,51.46907,5.380324,0.51,22
135842,51.46907,5.380324,0.43,22
135842,51.46907,5.380324,0.32,22
135842,51.46907,5.380324,0.3,22
135842,51.46907,5.380324,0.43,22
135842,51.46907,5.380324,0.36,22
135843,51.468991,5.380201,0.5,22
135843,51.468991,5.380201,0.26,22
135843,51.468991,5.380201,0.31,22
135843,51.468991,5.380201,0.25,22
135843,51.468991,5.380201,0.09,22
135843,51.468991,5.380201,0.08,22
135843,51.468991,5.380201,0.06,22
135843,51.468991,5.380201,0.17,22
135843,51.468991,5.380201,0.08,22
135843,51.468991,5.380201,0.06,22
135844,51.468871,5.380075,0.03,22
135844,51.468871,5.380075,0.03,22
135844,51.468871,5.380075,0.15,22
135844,51.468871,5.380075,0.5,22
135844,51.468871,5.380075,0.15,22
135844,51.468871,5.380075,0.12,22
135844,51.468871,5.380075,0.32,22
135844,51.468871,5.380075,0.26,22
135844,51.468871,5.380075,0.17,22
135844,51.468871,5.380075,0.08,22
135845,51.468759,5.379937,0.16,22
135845,51.468759,5.379937,0.07,22
135845,51.468759,5.379937,0.31,22
135845,51.468759,5.379937,0.55,22
135845,51.468759,5.379937,0.36,22
135845,51.468759,5.379937,0.25,22
135845,51.468759,5.379937,0.16,22
135845,51.468759,5.379937,0.15,22
135845,51.468759,5.379937,0.32,22
135845,51.468759,5.379937,0.3,22
135846,51.468641,5.379785,0.16,22
135846,51.468641,5.379785,0.2,22
135846,51.468641,5.379785,0.34,22
135846,51.468641,5.379785,0.2,22
135846,51.468641,5.379785,0.3,22
135846,51.468641,5.379785,0.26,22
135846,51.468641,5.379785,0.22,22
135846,51.468641,5.379785,0.24,22
135846,51.468641,5.379785,0.26,22
135846,51.468641,5.379785,0.23,22
135847,51.468508,5.379619,0.32,22
135847,51.468508,5.379619,0.18,22
135847,51.468508,5.379619,0.28,22
135847,51.468508,5.379619,0.3,22
135847,51.468508,5.379619,0.25,22
135847,51.468508,5.379619,0.39,22
135847,51.468508,5.379619,0.11,22
135847,51.468508,5.379619,0.21,22
135847,51.468508,5.379619,0.28,22
135847,51.468508,5.379619,0.16,22
135848,51.468359,5.37944,0.26,22
135848,51.468359,5.37944,0.24,22
135848,51.468359,5.37944,0.16,22
135848,51.468359,5.37944,0.18,22
135848,51.468359,5.37944,0.17,22
135848,51.468359,5.37944,0.26,22
135848,51.468359,5.37944,0.04,22
135848,51.468359,5.37944,0.25,22
135848,51.468359,5.37944,0.22,22
135848,51.468359,5.37944,0.34,22
135849,51.468198,5.379245,0.32,22
135849,51.468198,5.379245,0.23,22
135849,51.468198,5.379245,0.22,22
135849,51.468198,5.379245,0.3,22
135849,51.468198,5.379245,0.3,22
135849,51.468198,5.379245,0.37,22
135849,51.468198,5.379245,0.35,22
135849,51.468198,5.379245,0.33,22
135849,51.468198,5.379245,0.36,22
135850,51.468045,5.37906,0.33,22
135850,51.468045,5.37906,0.47,22
135850,51.468045,5.37906,0.31,22
135850,51.468045,5.37906,0.31,22
135850,51.468045,5.37906,0.48,22
135850,51.468045,5.37906,0.34,22
135850,51.468045,5.37906,0.44,22
135850,51.468045,5.37906,0.36,22
135850,51.468045,5.37906,0.51,22
135850,51.468045,5.37906,0.48,22
135851,51.467914,5.37891,0.41,22
135851,51.467914,5.37891,0.5,22
135851,51.467914,5.37891,0.49,22
135851,51.467914,5.37891,0.49,22
135851,51.467914,5.37891,0.52,22
135851,51.467914,5.37891,0.43,22
135851,51.467914,5.37891,0.46,22
135851,51.467914,5.37891,0.51,22
135851,51.467914,5.37891,0.56,22
135851,51.467914,5.37891,0.58,22
135852,51.467795,5.37881,0.54,22
135852,51.467795,5.37881,0.73,22
135852,51.467795,5.37881,0.63,22
135852,51.467795,5.37881,0.55,22
135852,51.467795,5.37881,0.45,22
135852,51.467795,5.37881,0.45,22
135852,51.467795,5.37881,0.22,22
135852,51.467795,5.37881,0.14,22
135852,51.467795,5.37881,0.09,22
135852,51.467795,5.37881,0.15,22
135852,51.467795,5.37881,0.1,22
135853,51.46767,5.378773,0.28,22
135853,51.46767,5.378773,0.34,22
135853,51.46767,5.378773,0.46,22
135853,51.46767,5.378773,0.47,22
135853,51.46767,5.378773,0.49,22
135853,51.46767,5.378773,0.42,22
135853,51.46767,5.378773,0.43,22
135853,51.46767,5.378773,0.5,22
135853,51.46767,5.378773,0.47,22
135853,51.46767,5.378773,0.43,22
135854,51.46755,5.378752,0.52,22
135854,51.46755,5.378752,0.54,22
135854,51.46755,5.378752,0.47,22
135854,51.46755,5.378752,0.45,22
135854,51.46755,5.378752,0.48,22
135854,51.46755,5.378752,0.49,22
135854,51.46755,5.378752,0.46,22
135854,51.46755,5.378752,0.52,22
135854,51.46755,5.378752,0.55,22
135854,51.46755,5.378752,0.58,22
135855,51.467443,5.378699,0.6,22
135855,51.467443,5.378699,0.63,22
135855,51.467443,5.378699,0.5,22
135855,51.467443,5.378699,0.56,22
135855,51.467443,5.378699,0.59,22
135855,51.467443,5.378699,0.55,22
135855,51.467443,5.378699,0.59,22
135855,51.467443,5.378699,0.55,22
135855,51.467443,5.378699,0.55,22
135855,51.467443,5.378699,0.57,22
135856,51.467368,5.378589,0.54,22
135856,51.467368,5.378589,0.55,22
135856,51.467368,5.378589,0.6,22
135856,51.467368,5.378589,0.46,22
135856,51.467368,5.378589,0.2,22
135856,51.467368,5.378589,0.19,22
135856,51.467368,5.378589,0.07,22
135856,51.467368,5.378589,0.34,22
135856,51.467368,5.378589,0.35,22
135857,51.467337,5.378426,0.41,22
135857,51.467337,5.378426,0.46,22
135857,51.467337,5.378426,0.54,22
135857,51.467337,5.378426,0.63,22
135857,51.467337,5.378426,0.66,22
135857,51.467337,5.378426,0.65,22
135857,51.467337,5.378426,0.62,22
135857,51.467337,5.378426,0.62,22
135857,51.467337,5.378426,0.66,22
135857,51.467337,5.378426,0.54,22
135858,51.467337,5.378247,0.66,22
135858,51.467337,5.378247,0.58,22
135858,51.467337,5.378247,0.52,22
135858,51.467337,5.378247,0.37,22
135858,51.467337,5.378247,0.26,22
135858,51.467337,5.378247,0.23,22
135858,51.467337,5.378247,0.38,22
135858,51.467337,5.378247,0.43,22
135858,51.467337,5.378247,0.36,22
135858,51.467337,5.378247,0.47,22
135859,51.467315,5.378114,0.44,22
135859,51.467315,5.378114,0.5,22
135859,51.467315,5.378114,0.44,22
135859,51.467315,5.378114,0.64,22
135859,51.467315,5.378114,0.63,22
135859,51.467315,5.378114,0.43,22
135859,51.467315,5.378114,0.61,22
135859,51.467315,5.378114,0.64,22
135859,51.467315,5.378114,0.59,22
135859,51.467315,5.378114,0.55,22
135900,51.467285,5.378006,0.68,22
135900,51.467285,5.378006,0.62,22
135900,51.467285,5.378006,0.58,22
135900,51.467285,5.378006,0.47,22
135900,51.467285,5.378006,0.37,22
135900,51.467285,5.378006,0.33,22
135900,51.467285,5.378006,0.3,22
135900,51.467285,5.378006,0.33,22
135900,51.467285,5.378006,0.24,22
135900,51.467285,5.378006,0.21,22
135901,51.467283,5.377893,0.2,22
135901,51.467283,5.377893,0.16,22
135901,51.467283,5.377893,0.12,22
135901,51.467283,5.377893,0.17,22
135901,51.467283,5.377893,0.2,22
135901,51.467283,5.377893,0.19,22
135901,51.467283,5.377893,0.21,22
135901,51.467283,5.377893,0.4,22
135901,51.467283,5.377893,0.15,22
135901,51.467283,5.377893,0.19,22
135902,51.46733,5.377762,0.35,22
135902,51.46733,5.377762,0.42,22
135902,51.46733,5.377762,0.46,22
135902,51.46733,5.377762,0.47,22
135902,51.46733,5.377762,0.53,22
135902,51.46733,5.377762,0.63,22
135902,51.46733,5.377762,0.64,22
135902,51.46733,5.377762,0.59,22
135902,51.46733,5.377762,0.67,22
135902,51.46733,5.377762,0.69,22
135903,51.467401,5.37764,0.69,22
135903,51.467401,5.37764,0.66,22
135903,51.467401,5.37764,0.65,22
135903,51.467401,5.37764,0.62,22
135903,51.467401,5.37764,0.51,22
135903,51.467401,5.37764,0.55,22
135903,51.467401,5.37764,0.53,22
135903,51.467401,5.37764,0.67,22
135903,51.467401,5.37764,0.58,22
135903,51.467401,5.37764,0.54,22
135904,51.467476,5.377578,0.52,22
135904,51.467476,5.377578,0.49,22
135904,51.467476,5.377578,0.44,22
135904,51.467476,5.377578,0.46,22
135904,51.467476,5.377578,0.44,22
135904,51.467476,5.377578,0.38,22
135904,51.467476,5.377578,0.34,22
135904,51.467476,5.377578,0.29,22
135904,51.467476,5.377578,0.27,22
135904,51.467476,5.377578,0.23,22
135905,51.467552,5.377629,0.37,22
135905,51.467552,5.377629,0.37,22
135905,51.467552,5.377629,0.31,22
135905,51.467552,5.377629,0.42,22
135905,51.467552,5.377629,0.37,22
135905,51.467552,5.377629,0.27,22
135905,51.467552,5.377629,0.27,22
135905,51.467552,5.377629,0.32,22
135905,51.467552,5.377629,0.38,22
135905,51.467552,5.377629,0.44,22
135906,51.467637,5.377734,0.33,22
135906,51.467637,5.377734,0.32,22
135906,51.467637,5.377734,0.26,22
135906,51.467637,5.377734,0.4,22
135906,51.467637,5.377734,0.28,22
135906,51.467637,5.377734,0.34,22
135906,51.467637,5.377734,0.4,22
135906,51.467637,5.377734,0.33,22
135906,51.467637,5.377734,0.08,22
135906,51.467637,5.377734,0.09,22
135907,51.467739,5.377867,0.06,22
135907,51.467739,5.377867,0.32,22
135907,51.467739,5.377867,0.26,22
135907,51.467739,5.377867,0.16,22
135907,51.467739,5.377867,0.17,22
135907,51.467739,5.377867,0.41,22
135907,51.467739,5.377867,0.28,22
135907,51.467739,5.377867,0.41,22
135907,51.467739,5.377867,0.45,22
135908,51.467848,5.378011,0.51,22
135908,51.467848,5.378011,0.53,22
135908,51.467848,5.378011,0.69,22
135908,51.467848,5.378011,0.74,22
135908,51.467848,5.378011,0.75,22
135908,51.467848,5.378011,0.82,22
135908,51.467848,5.378011,0.89,22
135908,51.467848,5.378011,0.87,22
135908,51.467848,5.378011,0.82,22
135908,51.467848,5.378011,0.84,22
135908,51.467848,5.378011,0.9,22
135909,51.467948,5.378124,0.85,22
135909,51.467948,5.378124,0.78,22
135909,51.467948,5.378124,0.97,22
135909,51.467948,5.378124,0.81,22
135909,51.467948,5.378124,0.77,22
135909,51.467948,5.378124,0.83,22
135909,51.467948,5.378124,0.82,22
135909,51.467948,5.378124,0.83,22
135909,51.467948,5.378124,0.88,22
135909,51.467948,5.378124,0.7,22
135910,51.468026,5.378159,0.68,22
135910,51.468026,5.378159,0.53,22
135910,51.468026,5.378159,0.45,22
135910,51.468026,5.378159,0.5,22
135910,51.468026,5.378159,0.45,22
135910,51.468026,5.378159,0.47,22
135910,51.468026,5.378159,0.47,22
135910,51.468026,5.378159,0.41,22
135910,51.468026,5.378159,0.38,22
135911,51.468062,5.378092,0.35,22
135911,51.468062,5.378092,0.31,22
135911,51.468062,5.378092,0.25,22
135911,51.468062,5.378092,0.33,22
135911,51.468062,5.378092,0.39,22
135911,51.468062,5.378092,0.46,22
135911,51.468062,5.378092,0.5,22
135911,51.468062,5.378092,0.54,22
135911,51.468062,5.378092,0.58,22
135911,51.468062,5.378092,0.7,22
135912,51.46808,5.377963,0.69,22
135912,51.46808,5.377963,0.7,22
135912,51.46808,5.377963,0.76,22
135912,51.46808,5.377963,0.73,22
135912,51.46808,5.377963,0.76,22
135912,51.46808,5.377963,0.75,22
135912,51.46808,5.377963,0.74,22
135912,51.46808,5.377963,0.75,22
135912,51.46808,5.377963,0.74,22
135912,51.46808,5.377963,0.73,22
135913,51.468132,5.377874,0.7,22
135913,51.468132,5.377874,0.67,22
135913,51.468132,5.377874,0.45,22
135913,51.468132,5.377874,0.46,22
135913,51.468132,5.377874,0.53,22
135913,51.468132,5.377874,0.55,22
135913,51.468132,5.377874,0.6,22
135913,51.468132,5.377874,0.56,22
135913,51.468132,5.377874,0.52,22
135913,51.468132,5.377874,0.49,22
135914,51.468202,5.377869,0.37,22
135914,51.468202,5.377869,0.29,22
135914,51.468202,5.377869,0.36,22
135914,51.468202,5.377869,0.41,22
135914,51.468202,5.377869,0.38,22
135914,51.468202,5.377869,0.32,22
135914,51.468202,5.377869,0.38,22
135914,51.468202,5.377869,0.49,22
135914,51.468202,5.377869,0.37,22
135914,51.468202,5.377869,0.35,22
135915,51.468288,5.377985,0.41,23
135915,51.468288,5.377985,0.44,23
135915,51.468288,5.377985,0.35,23
135915,51.468288,5.377985,0.36,23
135915,51.468288,5.377985,0.45,23
135915,51.468288,5.377985,0.44,23
135915,51.468288,5.377985,0.21,23
135915,51.468288,5.377985,0.02,23
135915,51.468288,5.377985,0.12,23
135915,51.468288,5.377985,0.09,23
135916,51.468392,5.37812,0.1,23
135916,51.468392,5.37812,0.06,23
135916,51.468392,5.37812,0.07,23
135916,51.468392,5.37812,0.17,23
135916,51.468392,5.37812,0.43,23
135916,51.468392,5.37812,0.46,23
135916,51.468392,5.37812,0.35,23
135916,51.468392,5.37812,0.16,23
135916,51.468392,5.37812,0.18,23
135916,51.468392,5.37812,0.14,23
135917,51.468503,5.378258,0.25,23
135917,51.468503,5.378258,0.18,23
135917,51.468503,5.378258,0.28,23
135917,51.468503,5.378258,0.18,23
135917,51.468503,5.378258,0.23,23
135917,51.468503,5.378258,0.27,23
135917,51.468503,5.378258,0.25,23
135917,51.468503,5.378258,0.21,23
135917,51.468503,5.378258,0.09,23
135917,51.468503,5.378258,0.12,23
135918,51.468626,5.37841,0.26,23
135918,51.468626,5.37841,0.24,23
135918,51.468626,5.37841,0.37,23
135918,51.468626,5.37841,0.19,23
135918,51.468626,5.37841,0.32,23
135918,51.468626,5.37841,0.32,23
135918,51.468626,5.37841,0.31,23
135918,51.468626,5.37841,0.14,23
135918,51.468626,5.37841,0.19,23
135918,51.468626,5.37841,0.29,23
135919,51.468762,5.378581,0.31,23
135919,51.468762,5.378581,0.35,23
135919,51.468762,5.378581,0.47,23
135919,51.468762,5.378581,0.36,23
135919,51.468762,5.378581,0.28,23
135919,51.468762,5.378581,0.36,23
135919,51.468762,5.378581,0.39,23
135919,51.468762,5.378581,0.25,23
135919,51.468762,5.378581,0.18,23
135919,51.468762,5.378581,0.16,23
135920,51.468912,5.378773,0.1,23
135920,51.468912,5.378773,0.02,23
135920,51.468912,5.378773,0.18,23
135920,51.468912,5.378773,0.3,23
135920,51.468912,5.378773,0.61,23
135920,51.468912,5.378773,0.21,23
135920,51.468912,5.378773,0.3,23
135920,51.468912,5.378773,0.14,23
135920,51.468912,5.378773,0.24,23
135920,51.468912,5.378773,0.12,23
135921,51.469075,5.378976,0.26,23
135921,51.469075,5.378976,0.3,23
135921,51.469075,5.378976,0.47,23
135921,51.469075,5.378976,0.53,23
135921,51.469075,5.378976,0.64,23
135921,51.469075,5.378976,0.57,23
135921,51.469075,5.378976,0.57,23
135921,51.469075,5.378976,0.62,23
135921,51.469075,5.378976,0.52,23
135921,51.469075,5.378976,0.64,23
135922,51.469231,5.379169,0.66,23
135922,51.469231,5.379169,0.67,23
135922,51.469231,5.379169,0.62,23
135922,51.469231,5.379169,0.65,23
135922,51.469231,5.379169,0.63,23
135922,51.469231,5.379169,0.67,23
135922,51.469231,5.379169,0.68,23
135922,51.469231,5.379169,0.76,23
135922,51.469231,5.379169,0.81,23
135922,51.469231,5.379169,0.77,23
135923,51.469361,5.379321,0.75,23
135923,51.469361,5.379321,0.79,23
135923,51.469361,5.379321,0.67,23
135923,51.469361,5.379321,0.77,23
135923,51.469361,5.379321,0.69,23
135923,51.469361,5.379321,0.72,23
135923,51.469361,5.379321,0.72,23
135923,51.469361,5.379321,0.8,23
135923,51.469361,5.379321,0.71,23
135923,51.469361,5.379321,0.32,23
135924,51.469464,5.379396,0.18,23
135924,51.469464,5.379396,0.21,23
135924,51.469464,5.379396,0.42,23
135924,51.469464,5.379396,0.42,23
135924,51.469464,5.379396,0.5,23
135924,51.469464,5.379396,0.61,23
135924,51.469464,5.379396,0.65,23
135924,51.469464,5.379396,0.83,23
135924,51.469464,5.379396,0.65,23
135924,51.469464,5.379396,0.79,23
135925,51.469561,5.379375,0.71,23
135925,51.469561,5.379375,0.82,23
135925,51.469561,5.379375,0.77,23
135925,51.469561,5.379375,0.7,23
135925,51.469561,5.379375,0.88,23
135925,51.469561,5.379375,0.74,23
135925,51.469561,5.379375,0.82,23
135925,51.469561,5.379375,0.76,23
135925,51.469561,5.379375,0.67,23
135925,51.469561,5.379375,0.75,23
135926,51.469657,5.379401,0.57,23
135926,51.469657,5.379401,0.38,23
135926,51.469657,5.379401,0.33,23
135926,51.469657,5.379401,0.32,23
135926,51.469657,5.379401,0.36,23
135926,51.469657,5.379401,0.36,23
135926,51.469657,5.379401,0.21,23
135926,51.469657,5.379401,0.37,23
135926,51.469657,5.379401,0.42,23
135926,51.469657,5.379401,0.44,23
135927,51.469729,5.379527,0.61,23
135927,51.469729,5.379527,0.48,23
135927,51.469729,5.379527,0.56,23
135927,51.469729,5.379527,0.41,23
135927,51.469729,5.379527,0.38,23
135927,51.469729,5.379527,0.28,23
135927,51.469729,5.379527,0.24,23
135927,51.469729,5.379527,0.27,23
135927,51.469729,5.379527,0.34,23
135928,51.469783,5.379751,0.48,23
135928,51.469783,5.379751,0.4,23
135928,51.469783,5.379751,0.4,23
135928,51.469783,5.379751,0.29,23
135928,51.469783,5.379751,0.31,23
135928,51.469783,5.379751,0.37,23
135928,51.469783,5.379751,0.33,23
135928,51.469783,5.379751,0.37,23
135928,51.469783,5.379751,0.34,23
135928,51.469783,5.379751,0.33,23
135929,51.469862,5.379943,0.35,23
135929,51.469862,5.379943,0.33,23
135929,51.469862,5.379943,0.34,23
135929,51.469862,5.379943,0.4,23
135929,51.469862,5.379943,0.26,23
135929,51.469862,5.379943,0.32,23
135929,51.469862,5.379943,0.3,23
135929,51.469862,5.379943,0.27,23
135929,51.469862,5.379943,0.22,23
135929,51.469862,5.379943,0.26,23
135930,51.46998,5.380108,0.19,23
135930,51.46998,5.380108,0.25,23
135930,51.46998,5.380108,0.27,23
135930,51.46998,5.380108,0.21,23
135930,51.46998,5.380108,0.35,23
135930,51.46998,5.380108,0.23,23
135930,51.46998,5.380108,0.3,23
135930,51.46998,5.380108,0.22,23
135930,51.46998,5.380108,0.25,23
135930,51.46998,5.380108,0.28,23
135931,51.470119,5.380278,0.2,23
135931,51.470119,5.380278,0.2,23
135931,51.470119,5.380278,0.07,23
135931,51.470119,5.380278,0.28,23
135931,51.470119,5.380278,0.32,23
135931,51.470119,5.380278,0.44,23
135931,51.470119,5.380278,0.56,23
135931,51.470119,5.380278,0.51,23
135931,51.470119,5.380278,0.51,23
135931,51.470119,5.380278,0.55,23
135932,51.470267,5.38046,0.56,23
135932,51.470267,5.38046,0.51,23
135932,51.470267,5.38046,0.47,23
135932,51.470267,5.38046,0.45,23
135932,51.470267,5.38046,0.49,23
135932,51.470267,5.38046,0.72,23
135932,51.470267,5.38046,0.75,23
135932,51.470267,5.38046,0.77,23
135932,51.470267,5.38046,0.68,23
135932,51.470267,5.38046,0.64,23
135933,51.470394,5.380611,0.63,23
135933,51.470394,5.380611,0.57,23
135933,51.470394,5.380611,0.38,23
135933,51.470394,5.380611,0.54,23
135933,51.470394,5.380611,0.53,23
135933,51.470394,5.380611,0.52,23
135933,51.470394,5.380611,0.64,23
135933,51.470394,5.380611,0.68,23
135933,51.470394,5.380611,0.69,23
135933,51.470394,5.380611,0.57,23
135934,51.47047,5.380719,0.65,23
135934,51.47047,5.380719,0.5,23
135934,51.47047,5.380719,0.57,23
135934,51.47047,5.380719,0.53,23
135934,51.47047,5.380719,0.54,23
135934,51.47047,5.380719,0.53,23
135934,51.47047,5.380719,0.47,23
135934,51.47047,5.380719,0.33,23
135934,51.47047,5.380719,0.45,23
135934,51.47047,5.380719,0.52,23
135935,51.470498,5.380826,0.48,23
135935,51.470498,5.380826,0.63,23
135935,51.470498,5.380826,0.62,23
135935,51.470498,5.380826,0.7,23
135935,51.470498,5.380826,0.54,23
135935,51.470498,5.380826,0.54,23
135935,51.470498,5.380826,0.44,23
135935,51.470498,5.380826,0.23,23
135935,51.470498,5.380826,0.17,23
135935,51.470498,5.380826,0.2,23
135936,51.470476,5.380948,0.5,23
135936,51.470476,5.380948,0.58,23
135936,51.470476,5.380948,0.67,23
135936,51.470476,5.380948,0.62,23
135936,51.470476,5.380948,0.62,23
135936,51.470476,5.380948,0.65,23
135936,51.470476,5.380948,0.71,23
135936,51.470476,5.380948,0.78,23
135936,51.470476,5.380948,0.78,23
135936,51.470476,5.380948,0.82,23
135937,51.470431,5.381078,0.66,23
135937,51.470431,5.381078,0.86,23
135937,51.470431,5.381078,0.78,23
135937,51.470431,5.381078,0.88,23
135937,51.470431,5.381078,0.75,23
135937,51.470431,5.381078,0.82,23
135937,51.470431,5.381078,0.58,23
135937,51.470431,5.381078,0.44,23
135937,51.470431,5.381078,0.15,23
135937,51.470431,5.381078,0.17,23
135938,51.470404,5.381213,0.33,23
135938,51.470404,5.381213,0.55,23
135938,51.470404,5.381213,0.62,23
135938,51.470404,5.381213,0.63,23
135938,51.470404,5.381213,0.72,23
135938,51.470404,5.381213,0.7,23
135938,51.470404,5.381213,0.69,23
135938,51.470404,5.381213,0.78,23
135938,51.470404,5.381213,0.79,23
135938,51.470404,5.381213,0.76,23
135939,51.470454,5.381359,0.71,23
135939,51.470454,5.381359,0.67,23
135939,51.470454,5.381359,0.63,23
135939,51.470454,5.381359,0.65,23
135939,51.470454,5.381359,0.68,23
135939,51.470454,5.381359,0.68,23
135939,51.470454,5.381359,0.61,23
135939,51.470454,5.381359,0.75,23
135939,51.470454,5.381359,0.72,23
135939,51.470454,5.381359,0.65,23
135940,51.470466,5.381513,0.66,23
135940,51.470466,5.381513,0.57,23
135940,51.470466,5.381513,0.66,23
135940,51.470466,5.381513,0.48,23
135940,51.470466,5.381513,0.36,23
135940,51.470466,5.381513,0.29,23
135940,51.470466,5.381513,0.07,23
135940,51.470466,5.381513,0.12,23
135940,51.470466,5.381513,0.13,23
135940,51.470466,5.381513,0.13,23
135941,51.470402,5.381676,0.19,23
135941,51.470402,5.381676,0.22,23
135941,51.470402,5.381676,0.26,23
135941,51.470402,5.381676,0.33,23
135941,51.470402,5.381676,0.26,23
135941,51.470402,5.381676,0.4,23
135941,51.470402,5.381676,0.41,23
135941,51.470402,5.381676,0.34,23
135941,51.470402,5.381676,0.3,23
135941,51.470402,5.381676,0.26,23
135942,51.47029,5.381837,0.39,23
135942,51.47029,5.381837,0.37,23
135942,51.47029,5.381837,0.35,23
135942,51.47029,5.381837,0.34,23
135942,51.47029,5.381837,0.39,23
135942,51.47029,5.381837,0.39,23
135942,51.47029,5.381837,0.41,23
135942,51.47029,5.381837,0.49,23
135942,51.47029,5.381837,0.66,23
135943,51.470206,5.382015,0.73,23
135943,51.470206,5.382015,0.65,23
135943,51.470206,5.382015,0.71,23
135943,51.470206,5.382015,0.68,23
135943,51.470206,5.382015,0.68,23
135943,51.470206,5.382015,0.62,23
135943,51.470206,5.382015,0.6,23
135943,51.470206,5.382015,0.66,23
135943,51.470206,5.382015,0.7,23
135943,51.470206,5.382015,0.67,23
135944,51.470153,5.382179,0.71,23
135944,51.470153,5.382179,0.75,23
135944,51.470153,5.382179,0.71,23
135944,51.470153,5.382179,0.65,23
135944,51.470153,5.382179,0.64,23
135944,51.470153,5.382179,0.7,23
135944,51.470153,5.382179,0.56,23
135944,51.470153,5.382179,0.55,23
135944,51.470153,5.382179,0.68,23
135944,51.470153,5.382179,0.7,23
135945,51.470145,5.382317,0.87,23
135945,51.470145,5.382317,0.91,23
135945,51.470145,5.382317,0.91,23
135945,51.470145,5.382317,0.93,23
135945,51.470145,5.382317,0.84,23
135945,51.470145,5.382317,0.65,23
135945,51.470145,5.382317,0.33,23
135945,51.470145,5.382317,0.27,23
135945,51.470145,5.382317,0.38,23
135945,51.470145,5.382317,0.35,23
135946,51.470199,5.382439,0.3,23
135946,51.470199,5.382439,0.24,23
135946,51.470199,5.382439,0.21,23
135946,51.470199,5.382439,0.23,23
135946,51.470199,5.382439,0.35,23
135946,51.470199,5.382439,0.32,23
135946,51.470199,5.382439,0.28,23
135946,51.470199,5.382439,0.25,23
135946,51.470199,5.382439,0.49,23
135946,51.470199,5.382439,0.26,23
135947,51.470317,5.38254,0.12,22
135947,51.470317,5.38254,0.32,22
135947,51.470317,5.38254,0.37,22
135947,51.470317,5.38254,0.25,22
135947,51.470317,5.38254,0.34,22
135947,51.470317,5.38254,0.55,22
135947,51.470317,5.38254,0.6,22
135947,51.470317,5.38254,0.63,22
135947,51.470317,5.38254,0.62,22
135947,51.470317,5.38254,0.7,22
135948,51.470414,5.382653,0.59,22
135948,51.470414,5.382653,0.62,22
135948,51.470414,5.382653,0.61,22
135948,51.470414,5.382653,0.62,22
135948,51.470414,5.382653,0.52,22
135948,51.470414,5.382653,0.48,22
135948,51.470414,5.382653,0.53,22
135948,51.470414,5.382653,0.39,22
135948,51.470414,5.382653,0.52,22
135948,51.470414,5.382653,0.51,22
135949,51.470494,5.382734,0.59,22
135949,51.470494,5.382734,0.57,22
135949,51.470494,5.382734,0.54,22
135949,51.470494,5.382734,0.54,22
135949,51.470494,5.382734,0.55,22
135949,51.470494,5.382734,0.66,22
135949,51.470494,5.382734,0.61,22
135949,51.470494,5.382734,0.63,22
135949,51.470494,5.382734,0.65,22
135949,51.470494,5.382734,0.57,22
135950,51.470584,5.382745,0.73,22
135950,51.470584,5.382745,0.66,22
135950,51.470584,5.382745,0.7,22
135950,51.470584,5.382745,0.69,22
135950,51.470584,5.382745,0.84,22
135950,51.470584,5.382745,0.78,22
135950,51.470584,5.382745,0.83,22
135950,51.470584,5.382745,0.82,22
135950,51.470584,5.382745,0.79,22
135950,51.470584,5.382745,0.73,22
135951,51.47068,5.382691,0.68,22
135951,51.47068,5.382691,0.6,22
135951,51.47068,5.382691,0.56,22
135951,51.47068,5.382691,0.44,22
135951,51.47068,5.382691,0.46,22
135951,51.47068,5.382691,0.17,22
135951,51.47068,5.382691,0.16,22
135951,51.47068,5.382691,0.34,22
135951,51.47068,5.382691,0.26,22
135952,51.470769,5.382558,0.3,22
135952,51.470769,5.382558,0.16,22
135952,51.470769,5.382558,0.08,22
135952,51.470769,5.382558,0.05,22
135952,51.470769,5.382558,0.03,22
135952,51.470769,5.382558,0.04,22
135952,51.470769,5.382558,0.1,22
135952,51.470769,5.382558,0.03,22
135952,51.470769,5.382558,0.06,22
135952,51.470769,5.382558,0.15,22
135953,51.470837,5.382363,0.24,22
135953,51.470837,5.382363,0.29,22
135953,51.470837,5.382363,0.09,22
135953,51.470837,5.382363,0.26,22
135953,51.470837,5.382363,0.3,22
135953,51.470837,5.382363,0.17,22
135953,51.470837,5.382363,0.3,22
135953,51.470837,5.382363,0.25,22
135953,51.470837,5.382363,0.35,22
135953,51.470837,5.382363,0.29,22
135953,51.470837,5.382363,0.35,22
135954,51.470919,5.382175,0.35,22
135954,51.470919,5.382175,0.31,22
135954,51.470919,5.382175,0.34,22
135954,51.470919,5.382175,0.41,22
135954,51.470919,5.382175,0.49,22
135954,51.470919,5.382175,0.36,22
135954,51.470919,5.382175,0.43,22
135954,51.470919,5.382175,0.35,22
135954,51.470919,5.382175,0.42,22
135955,51.471023,5.381995,0.45,22
135955,51.471023,5.381995,0.4,22
135955,51.471023,5.381995,0.4,22
135955,51.471023,5.381995,0.37,22
135955,51.471023,5.381995,0.44,22
135955,51.471023,5.381995,0.5,22
135955,51.471023,5.381995,0.48,22
135955,51.471023,5.381995,0.6,22
135955,51.471023,5.381995,0.51,22
135955,51.471023,5.381995,0.48,22
135956,51.471134,5.381858,0.39,22
135956,51.471134,5.381858,0.34,22
135956,51.471134,5.381858,0.28,22
135956,51.471134,5.381858,0.51,22
135956,51.471134,5.381858,0.64,22
135956,51.471134,5.381858,0.63,22
135956,51.471134,5.381858,0.59,22
135956,51.471134,5.381858,0.61,22
135956,51.471134,5.381858,0.66,22
135956,51.471134,5.381858,0.46,22
135957,51.471228,5.38178,0.57,22
135957,51.471228,5.38178,0.59,22
135957,51.471228,5.38178,0.6,22
135957,51.471228,5.38178,0.62,22
135957,51.471228,5.38178,0.63,22
135957,51.471228,5.38178,0.72,22
135957,51.471228,5.38178,0.71,22
135957,51.471228,5.38178,0.69,22
135957,51.471228,5.38178,0.69,22
135957,51.471228,5.38178,0.59,22
135958,51.471285,5.38171,0.59,22
135958,51.471285,5.38171,0.49,22
135958,51.471285,5.38171,0.38,22
135958,51.471285,5.38171,0.34,22
135958,51.471285,5.38171,0.27,22
135958,51.471285,5.38171,0.31,22
135958,51.471285,5.38171,0.31,22
135958,51.471285,5.38171,0.32,22
135958,51.471285,5.38171,0.37,22
135958,51.471285,5.38171,0.41,22
135959,51.471317,5.381591,0.47,22
135959,51.471317,5.381591,0.48,22
135959,51.471317,5.381591,0.52,22
135959,51.471317,5.381591,0.51,22
135959,51.471317,5.381591,0.24,22
135959,51.471317,5.381591,0.55,22
135959,51.471317,5.381591,0.45,22
135959,51.471317,5.381591,0.31,22
135959,51.471317,5.381591,0.31,22
135959,51.471317,5.381591,0.4,22
140000,51.471348,5.381414,0.31,22
140000,51.471348,5.381414,0.14,22
140000,51.471348,5.381414,0.27,22
140000,51.471348,5.381414,0.07,22
140000,51.471348,5.381414,0.08,22
140000,51.471348,5.381414,0.06,22
140000,51.471348,5.381414,0.07,22
140000,51.471348,5.381414,0.15,22
140000,51.471348,5.381414,0.13,22
140000,51.471348,5.381414,0.2,22
140001,51.471411,5.381224,0.51,22
140001,51.471411,5.381224,0.11,22
140001,51.471411,5.381224,0.11,22
140001,51.471411,5.381224,0.3,22
140001,51.471411,5.381224,0.24,22
140001,51.471411,5.381224,0.2,22
140001,51.471411,5.381224,0.18,22
140001,51.471411,5.381224,0.22,22
140001,51.471411,5.381224,0.22,22
140001,51.471411,5.381224,0.21,22
140002,51.471497,5.38104,0.17,22
140002,51.471497,5.38104,0.27,22
140002,51.471497,5.38104,0.23,22
140002,51.471497,5.38104,0.24,22
140002,51.471497,5.38104,0.2,22
140002,51.471497,5.38104,0.26,22
140002,51.471497,5.38104,0.25,22
140002,51.471497,5.38104,0.3,22
140002,51.471497,5.38104,0.11,22
140002,51.471497,5.38104,0.33,22
140003,51.471594,5.380842,0.16,22
140003,51.471594,5.380842,0.23,22
140003,51.471594,5.380842,0.39,22
140003,51.471594,5.380842,0.36,22
140003,51.471594,5.380842,0.43,22
140003,51.471594,5.380842,0.41,22
140003,51.471594,5.380842,0.41,22
140003,51.471594,5.380842,0.46,22
140003,51.471594,5.380842,0.48,22
140003,51.471594,5.380842,0.41,22
140004,51.471692,5.380644,0.48,22
140004,51.471692,5.380644,0.48,22
140004,51.471692,5.380644,0.51,22
140004,51.471692,5.380644,0.54,22
140004,51.471692,5.380644,0.6,22
140004,51.471692,5.380644,0.54,22
140004,51.471692,5.380644,0.53,22
140004,51.471692,5.380644,0.52,22
140004,51.471692,5.380644,0.5,22
140004,51.471692,5.380644,0.37,22
140005,51.471769,5.380487,0.36,22
140005,51.471769,5.380487,0.36,22
140005,51.471769,5.380487,0.51,22
140005,51.471769,5.380487,0.57,22
140005,51.471769,5.380487,0.64,22
140005,51.471769,5.380487,0.63,22
140005,51.471769,5.380487,0.67,22
140005,51.471769,5.380487,0.72,22
140005,51.471769,5.380487,0.69,22
140005,51.471769,5.380487,0.68,22
140006,51.47181,5.38037,0.7,22
140006,51.47181,5.38037,0.68,22
140006,51.47181,5.38037,0.77,22
140006,51.47181,5.38037,0.66,22
140006,51.47181,5.38037,0.79,22
140006,51.47181,5.38037,0.7,22
140006,51.47181,5.38037,0.65,22
140006,51.47181,5.38037,0.78,22
140006,51.47181,5.38037,0.72,22
140006,51.47181,5.38037,0.71,22
140007,51.471819,5.380254,0.76,22
140007,51.471819,5.380254,0.78,22
140007,51.471819,5.380254,0.82,22
140007,51.471819,5.380254,0.73,22
140007,51.471819,5.380254,0.75,22
140007,51.471819,5.380254,0.56,22
140007,51.471819,5.380254,0.58,22
140007,51.471819,5.380254,0.55,22
140007,51.471819,5.380254,0.32,22
140007,51.471819,5.380254,0.32,22
140008,51.471789,5.380134,0.31,22
140008,51.471789,5.380134,0.24,22
140008,51.471789,5.380134,0.17,22
140008,51.471789,5.380134,0.17,22
140008,51.471789,5.380134,0.03,22
140008,51.471789,5.380134,0.35,22
140008,51.471789,5.380134,0.15,22
140008,51.471789,5.380134,0.12,22
140008,51.471789,5.380134,0.49,22
140008,51.471789,5.380134,0.47,22
140009,51.471678,5.38002,0.38,22
140009,51.471678,5.38002,0.44,22
140009,51.471678,5.38002,0.58,22
140009,51.471678,5.38002,0.53,22
140009,51.471678,5.38002,0.64,22
140009,51.471678,5.38002,0.58,22
140009,51.471678,5.38002,0.55,22
140009,51.471678,5.38002,0.63,22
140009,51.471678,5.38002,0.57,22
140010,51.47159,5.379901,0.67,22
140010,51.47159,5.379901,0.59,22
140010,51.47159,5.379901,0.59,22
140010,51.47159,5.379901,0.51,22
140010,51.47159,5.379901,0.54,22
140010,51.47159,5.379901,0.52,22
140010,51.47159,5.379901,0.41,22
140010,51.47159,5.379901,0.35,22
140010,51.47159,5.379901,0.36,22
140010,51.47159,5.379901,0.57,22
140011,51.471549,5.379781,0.48,22
140011,51.471549,5.379781,0.56,22
140011,51.471549,5.379781,0.45,22
140011,51.471549,5.379781,0.39,22
140011,51.471549,5.379781,0.34,22
140011,51.471549,5.379781,0.36,22
140011,51.471549,5.379781,0.28,22
140011,51.471549,5.379781,0.32,22
140011,51.471549,5.379781,0.41,22
140011,51.471549,5.379781,0.35,22
140012,51.471564,5.379645,0.3,22
140012,51.471564,5.379645,0.3,22
140012,51.471564,5.379645,0.24,22
140012,51.471564,5.379645,0.47,22
140012,51.471564,5.379645,0.38,22
140012,51.471564,5.379645,0.25,22
140012,51.471564,5.379645,0.23,22
140012,51.471564,5.379645,0.44,22
140012,51.471564,5.379645,0.24,22
140012,51.471564,5.379645,0.29,22
140013,51.471607,5.379502,0.34,22
140013,51.471607,5.379502,0.44,22
140013,51.471607,5.379502,0.35,22
140013,51.471607,5.379502,0.4,22
140013,51.471607,5.379502,0.45,22
140013,51.471607,5.379502,0.39,22
140013,51.471607,5.379502,0.49,22
140013,51.471607,5.379502,0.19,22
140013,51.471607,5.379502,0.17,22
140013,51.471607,5.379502,0.35,22
140014,51.471659,5.379391,0.37,22
140014,51.471659,5.379391,0.18,22
140014,51.471659,5.379391,0.42,22
140014,51.471659,5.379391,0.51,22
140014,51.471659,5.379391,0.42,22
140014,51.471659,5.379391,0.42,22
140014,51.471659,5.379391,0.52,22
140014,51.471659,5.379391,0.52,22
140014,51.471659,5.379391,0.55,22
140014,51.471659,5.379391,0.53,22
140015,51.47171,5.379348,0.55,22
140015,51.47171,5.379348,0.45,22
140015,51.47171,5.379348,0.44,22
140015,51.47171,5.379348,0.59,22
140015,51.47171,5.379348,0.43,22
140015,51.47171,5.379348,0.33,22
140015,51.47171,5.379348,0.26,22
140015,51.47171,5.379348,0.29,22
140015,51.47171,5.379348,0.29,22
140015,51.47171,5.379348,0.08,22
140016,51.471776,5.379368,0.4,22
140016,51.471776,5.379368,0.31,22
140016,51.471776,5.379368,0.22,22
140016,51.471776,5.379368,0.27,22
140016,51.471776,5.379368,0.29,22
140016,51.471776,5.379368,0.28,22
140016,51.471776,5.379368,0.25,22
140016,51.471776,5.379368,0.26,22
140016,51.471776,5.379368,0.4,22
140016,51.471776,5.379368,0.42,22
140017,51.471853,5.379445,0.32,22
140017,51.471853,5.379445,0.45,22
140017,51.471853,5.379445,0.32,22
140017,51.471853,5.379445,0.4,22
140017,51.471853,5.379445,0.44,22
140017,51.471853,5.379445,0.17,22
140017,51.471853,5.379445,0.47,22
140017,51.471853,5.379445,0.39,22
140017,51.471853,5.379445,0.29,22
140017,51.471853,5.379445,0.08,22
140018,51.471945,5.379562,0.13,22
140018,51.471945,5.379562,0.1,22
140018,51.471945,5.379562,0.04,22
140018,51.471945,5.379562,0.08,22
140018,51.471945,5.379562,0.09,22
140018,51.471945,5.379562,0.2,22
140018,51.471945,5.379562,0.11,22
140018,51.471945,5.379562,0.25,22
140018,51.471945,5.379562,0.19,22
140018,51.471945,5.379562,0.17,22
140019,51.472047,5.379694,0.19,22
140019,51.472047,5.379694,0.26,22
140019,51.472047,5.379694,0.16,22
140019,51.472047,5.379694,0.21,22
140019,51.472047,5.379694,0.17,22
140019,51.472047,5.379694,0.21,22
140019,51.472047,5.379694,0.25,22
140019,51.472047,5.379694,0.2,22
140019,51.472047,5.379694,0.3,22
140019,51.472047,5.379694,0.24,22
140020,51.472159,5.379834,0.23,22
140020,51.472159,5.379834,0.24,22
140020,51.472159,5.379834,0.15,22
140020,51.472159,5.379834,0.29,22
140020,51.472159,5.379834,0.08,22
140020,51.472159,5.379834,0.14,22
140020,51.472159,5.379834,0.32,22
140020,51.472159,5.379834,0.37,22
140020,51.472159,5.379834,0.46,22
140020,51.472159,5.379834,0.45,22
140021,51.47228,5.379984,0.48,22
140021,51.47228,5.379984,0.46,22
140021,51.47228,5.379984,0.46,22
140021,51.47228,5.379984,0.53,22
140021,51.47228,5.379984,0.44,22
140021,51.47228,5.379984,0.5,22
140021,51.47228,5.379984,0.49,22
140021,51.47228,5.379984,0.45,22
140021,51.47228,5.379984,0.54,22
140021,51.47228,5.379984,0.39,22
140022,51.472384,5.380114,0.53,22
140022,51.472384,5.380114,0.71,22
140022,51.472384,5.380114,0.79,22
140022,51.472384,5.380114,0.78,22
140022,51.472384,5.380114,0.69,22
140022,51.472384,5.380114,0.49,22
140022,51.472384,5.380114,0.63,22
140022,51.472384,5.380114,0.5,22
140022,51.472384,5.380114,0.59,22
140022,51.472384,5.380114,0.46,22
140023,51.472458,5.380184,0.39,22
140023,51.472458,5.380184,0.41,22
140023,51.472458,5.380184,0.54,22
140023,51.472458,5.380184,0.53,22
140023,51.472458,5.380184,0.56,22
140023,51.472458,5.380184,0.57,22
140023,51.472458,5.380184,0.59,22
140023,51.472458,5.380184,0.55,22
140023,51.472458,5.380184,0.6,22
140024,51.472523,5.380187,0.56,22
140024,51.472523,5.380187,0.49,22
140024,51.472523,5.380187,0.64,22
140024,51.472523,5.380187,0.51,22
140024,51.472523,5.380187,0.4,22
140024,51.472523,5.380187,0.5,22
140024,51.472523,5.380187,0.53,22
140024,51.472523,5.380187,0.51,22
140024,51.472523,5.380187,0.52,22
140024,51.472523,5.380187,0.44,22
140025,51.472594,5.380128,0.27,22
140025,51.472594,5.380128,0.45,22
140025,51.472594,5.380128,0.32,22
140025,51.472594,5.380128,0.42,22
140025,51.472594,5.380128,0.33,22
140025,51.472594,5.380128,0.26,22
140025,51.472594,5.380128,0.36,22
140025,51.472594,5.380128,0.33,22
140025,51.472594,5.380128,0.35,22
140025,51.472594,5.380128,0.27,22
140026,51.472669,5.380018,0.53,22
140026,51.472669,5.380018,0.19,22
140026,51.472669,5.380018,0.38,22
140026,51.472669,5.380018,0.33,22
140026,51.472669,5.380018,0.39,22
140026,51.472669,5.380018,0.23,22
140026,51.472669,5.380018,0.09,22
140026,51.472669,5.380018,0.13,22
140026,51.472669,5.380018,0.08,22
140026,51.472669,5.380018,0.15,22
140027,51.472752,5.379852,0.05,22
140027,51.472752,5.379852,0.08,22
140027,51.472752,5.379852,0.03,22
140027,51.472752,5.379852,0.25,22
140027,51.472752,5.379852,0.53,22
140027,51.472752,5.379852,0.17,22
140027,51.472752,5.379852,0.15,22
140027,51.472752,5.379852,0.14,22
140027,51.472752,5.379852,0.28,22
140027,51.472752,5.379852,0.13,22
140028,51.472836,5.379663,0.33,22
140028,51.472836,5.379663,0.3,22
140028,51.472836,5.379663,0.25,22
140028,51.472836,5.379663,0.2,22
140028,51.472836,5.379663,0.21,22
140028,51.472836,5.379663,0.24,22
140028,51.472836,5.379663,0.22,22
140028,51.472836,5.379663,0.27,22
140028,51.472836,5.379663,0.25,22
140028,51.472836,5.379663,0.25,22
140029,51.472931,5.37946,0.33,21
140029,51.472931,5.37946,0.18,21
140029,51.472931,5.37946,0.26,21
140029,51.472931,5.37946,0.1,21
140029,51.472931,5.37946,0.23,21
140029,51.472931,5.37946,0.25,21
140029,51.472931,5.37946,0.18,21
140029,51.472931,5.37946,0.22,21
140029,51.472931,5.37946,0.22,21
140029,51.472931,5.37946,0.23,21
140030,51.473037,5.379236,0.25,21
140030,51.473037,5.379236,0.18,21
140030,51.473037,5.379236,0.22,21
140030,51.473037,5.379236,0.29,21
140030,51.473037,5.379236,0.23,21
140030,51.473037,5.379236,0.33,21
140030,51.473037,5.379236,0.36,21
140030,51.473037,5.379236,0.16,21
140030,51.473037,5.379236,0.34,21
140030,51.473037,5.379236,0.23,21
140031,51.473155,5.378988,0.34,21
140031,51.473155,5.378988,0.44,21
140031,51.473155,5.378988,0.4,21
140031,51.473155,5.378988,0.52,21
140031,51.473155,5.378988,0.54,21
140031,51.473155,5.378988,0.56,21
140031,51.473155,5.378988,0.64,21
140031,51.473155,5.378988,0.6,21
140031,51.473155,5.378988,0.66,21
140031,51.473155,5.378988,0.62,21
140032,51.473272,5.378749,0.57,21
140032,51.473272,5.378749,0.58,21
140032,51.473272,5.378749,0.47,21
140032,51.473272,5.378749,0.36,21
140032,51.473272,5.378749,0.41,21
140032,51.473272,5.378749,0.3,21
140032,51.473272,5.378749,0.27,21
140032,51.473272,5.378749,0.82,21
140032,51.473272,5.378749,0.66,21
140032,51.473272,5.378749,0.67,21
140033,51.473371,5.37854,0.64,21
140033,51.473371,5.37854,0.59,21
140033,51.473371,5.37854,0.23,21
140033,51.473371,5.37854,0.19,21
140033,51.473371,5.37854,0.48,21
140033,51.473371,5.37854,0.65,21
140033,51.473371,5.37854,0.69,21
140033,51.473371,5.37854,0.77,21
140033,51.473371,5.37854,0.66,21
140033,51.473371,5.37854,0.71,21
140034,51.47343,5.3784,0.58,21
140034,51.47343,5.3784,0.77,21
140034,51.47343,5.3784,0.57,21
140034,51.47343,5.3784,0.67,21
140034,51.47343,5.3784,0.71,21
140034,51.47343,5.3784,0.65,21
140034,51.47343,5.3784,0.61,21
140034,51.47343,5.3784,0.58,21
140034,51.47343,5.3784,0.51,21
140034,51.47343,5.3784,0.58,21
140035,51.473442,5.378292,0.66,21
140035,51.473442,5.378292,0.8,21
140035,51.473442,5.378292,0.73,21
140035,51.473442,5.378292,0.6,21
140035,51.473442,5.378292,0.6,21
140035,51.473442,5.378292,0.42,21
140035,51.473442,5.378292,0.39,21
140035,51.473442,5.378292,0.35,21
140035,51.473442,5.378292,0.72,21
140035,51.473442,5.378292,0.16,21
140036,51.473412,5.378175,0.61,21
140036,51.473412,5.378175,0.49,21
140036,51.473412,5.378175,0.74,21
140036,51.473412,5.378175,0.44,21
140036,51.473412,5.378175,0.53,21
140036,51.473412,5.378175,0.45,21
140036,51.473412,5.378175,0.4,21
140036,51.473412,5.378175,0.42,21
140036,51.473412,5.378175,0.42,21
140036,51.473412,5.378175,0.41,21
140037,51.473338,5.378057,0.35,21
140037,51.473338,5.378057,0.34,21
140037,51.473338,5.378057,0.39,21
140037,51.473338,5.378057,0.15,21
140037,51.473338,5.378057,0.08,21
140037,51.473338,5.378057,0.03,21
140037,51.473338,5.378057,0.03,21
140037,51.473338,5.378057,0.09,21
140037,51.473338,5.378057,0.04,21
140037,51.473338,5.378057,0.08,21
140038,51.473227,5.377928,0.12,21
140038,51.473227,5.377928,0.36,21
140038,51.473227,5.377928,0.06,21
140038,51.473227,5.377928,0.18,21
140038,51.473227,5.377928,0.22,21
140038,51.473227,5.377928,0.19,21
140038,51.473227,5.377928,0.16,21
140038,51.473227,5.377928,0.15,21
140038,51.473227,5.377928,0.23,21
140038,51.473227,5.377928,0.13,21
140039,51.473117,5.377788,0.29,21
140039,51.473117,5.377788,0.17,21
140039,51.473117,5.377788,0.22,21
140039,51.473117,5.377788,0.2,21
140039,51.473117,5.377788,0.17,21
140039,51.473117,5.377788,0.3,21
140039,51.473117,5.377788,0.26,21
140039,51.473117,5.377788,0.26,21
140039,51.473117,5.377788,0.23,21
140039,51.473117,5.377788,0.3,21
140040,51.472998,5.377631,0.25,22
140040,51.472998,5.377631,0.16,22
140040,51.472998,5.377631,0.34,22
140040,51.472998,5.377631,0.18,22
140040,51.472998,5.377631,0.31,22
140040,51.472998,5.377631,0.37,22
140040,51.472998,5.377631,0.49,22
140040,51.472998,5.377631,0.59,22
140040,51.472998,5.377631,0.53,22
140040,51.472998,5.377631,0.61,22
140041,51.472872,5.377463,0.68,22
140041,51.472872,5.377463,0.69,22
140041,51.472872,5.377463,0.74,22
140041,51.472872,5.377463,0.76,22
140041,51.472872,5.377463,0.94,22
140041,51.472872,5.377463,0.8,22
140041,51.472872,5.377463,0.88,22
140041,51.472872,5.377463,0.9,22
140041,51.472872,5.377463,0.86,22
140042,51.472746,5.377333,0.7,22
140042,51.472746,5.377333,0.97,22
140042,51.472746,5.377333,0.58,22
140042,51.472746,5.377333,0.58,22
140042,51.472746,5.377333,0.46,22
140042,51.472746,5.377333,0.41,22
140042,51.472746,5.377333,0.43,22
140042,51.472746,5.377333,0.31,22
140042,51.472746,5.377333,0.55,22
140042,51.472746,5.377333,0.38,22
140043,51.472645,5.37728,0.32,22
140043,51.472645,5.37728,0.24,22
140043,51.472645,5.37728,0.27,22
140043,51.472645,5.37728,0.32,22
140043,51.472645,5.37728,0.26,22
140043,51.472645,5.37728,0.27,22
140043,51.472645,5.37728,0.23,22
140043,51.472645,5.37728,0.19,22
140043,51.472645,5.37728,0.27,22
140043,51.472645,5.37728,0.33,22
140044,51.472595,5.377295,0.38,22
140044,51.472595,5.377295,0.39,22
140044,51.472595,5.377295,0.5,22
140044,51.472595,5.377295,0.41,22
140044,51.472595,5.377295,0.38,22
140044,51.472595,5.377295,0.41,22
140044,51.472595,5.377295,0.39,22
140044,51.472595,5.377295,0.48,22
140044,51.472595,5.377295,0.62,22
140044,51.472595,5.377295,0.58,22
140044,51.472595,5.377295,0.12,22
140045,51.472577,5.377308,0.07,22
140045,51.472577,5.377308,0.07,22
140045,51.472577,5.377308,0.15,22
140045,51.472577,5.377308,0.06,22
140045,51.472577,5.377308,0.09,22
140045,51.472577,5.377308,0.06,22
140045,51.472577,5.377308,0.06,22
140045,51.472577,5.377308,0.08,22
140045,51.472577,5.377308,0.08,22
140045,51.472577,5.377308,0.07,22
140046,51.47258,5.377312,0.07,22
140046,51.47258,5.377312,0.08,22
140046,51.47258,5.377312,0.08,22
140046,51.47258,5.377312,0.08,22
140046,51.47258,5.377312,0.08,22
140046,51.47258,5.377312,0.09,22
140046,51.47258,5.377312,0.1,22
140046,51.47258,5.377312,0.06,22
140046,51.47258,5.377312,0.05,22
140047,51.472581,5.377313,0.07,22
140047,51.472581,5.377313,0.07,22
140047,51.472581,5.377313,0.06,22
140047,51.472581,5.377313,0.13,22
140047,51.472581,5.377313,0.08,22
140047,51.472581,5.377313,0.1,22
140047,51.472581,5.377313,0.12,22
140047,51.472581,5.377313,0.09,22
140047,51.472581,5.377313,0.03,22
140047,51.472581,5.377313,0.07,22
140048,51.472582,5.377313,0.12,21
140048,51.472582,5.377313,0.11,21
140048,51.472582,5.377313,0.04,21
140048,51.472582,5.377313,0.05,21
140048,51.472582,5.377313,0.08,21
140048,51.472582,5.377313,0.09,21
140048,51.472582,5.377313,0.11,21
140048,51.472582,5.377313,0.12,21
140048,51.472582,5.377313,0.14,21
140048,51.472582,5.377313,0.1,21
140049,51.472584,5.377312,0.18,21
140049,51.472584,5.377312,0.03,21
140049,51.472584,5.377312,0.04,21
140049,51.472584,5.377312,0.17,21
140049,51.472584,5.377312,0.1,21
140049,51.472584,5.377312,0.15,21
140049,51.472584,5.377312,0.07,21
140049,51.472584,5.377312,0.11,21
140049,51.472584,5.377312,0.1,21
140049,51.472584,5.377312,0.11,21
140050,51.472601,5.37731,0.1,21
140050,51.472601,5.37731,0.15,21
140050,51.472601,5.37731,0.21,21
140050,51.472601,5.37731,0.2,21
140050,51.472601,5.37731,0.21,21
140050,51.472601,5.37731,0.14,21
140050,51.472601,5.37731,0.07,21
140050,51.472601,5.37731,0.1,21
140050,51.472601,5.37731,0.09,21
140050,51.472601,5.37731,0.07,21
140051,51.472616,5.377306,0.07,21
140051,51.472616,5.377306,0.08,21
140051,51.472616,5.377306,0.09,21
140051,51.472616,5.377306,0.07,21
140051,51.472616,5.377306,0.07,21
140051,51.472616,5.377306,0.12,21
140051,51.472616,5.377306,0.17,21
140051,51.472616,5.377306,0.2,21
140051,51.472616,5.377306,0.18,21
140051,51.472616,5.377306,0.2,21
140052,51.472626,5.377302,0.22,21
140052,51.472626,5.377302,0.2,21
140052,51.472626,5.377302,0.19,21
140052,51.472626,5.377302,0.18,21
140052,51.472626,5.377302,0.17,21
140052,51.472626,5.377302,0.17,21
140052,51.472626,5.377302,0.21,21
140052,51.472626,5.377302,0.23,21
140052,51.472626,5.377302,0.2,21
140052,51.472626,5.377302,0.22,21
140053,51.472627,5.377304,0.22,21
140053,51.472627,5.377304,0.22,21
140053,51.472627,5.377304,0.24,21
140053,51.472627,5.377304,0.21,21
140053,51.472627,5.377304,0.16,21
140053,51.472627,5.377304,0.12,21
140053,51.472627,5.377304,0.15,21
140053,51.472627,5.377304,0.14,21
140053,51.472627,5.377304,0.1,21
140053,51.472627,5.377304,0.16,21
140054,51.472617,5.377312,0.09,21
140054,51.472617,5.377312,0.1,21
140054,51.472617,5.377312,0.13,21
140054,51.472617,5.377312,0.04,21
140054,51.472617,5.377312,0.06,21
140054,51.472617,5.377312,0.11,21
140054,51.472617,5.377312,0.06,21
140054,51.472617,5.377312,0.09,21
140054,51.472617,5.377312,0.08,21
140055,51.472603,5.377331,0.1,21
140055,51.472603,5.377331,0.15,21
140055,51.472603,5.377331,0.12,21
140055,51.472603,5.377331,0.09,21
140055,51.472603,5.377331,0.09,21
140055,51.472603,5.377331,0.07,21
140055,51.472603,5.377331,0.1,21
140055,51.472603,5.377331,0.08,21
140055,51.472603,5.377331,0.1,21
140055,51.472603,5.377331,0.1,21
140055,51.472603,5.377331,0.15,21
140056,51.472589,5.377358,0.12,21
140056,51.472589,5.377358,0.12,21
140056,51.472589,5.377358,0.07,21
140056,51.472589,5.377358,0.12,21
140056,51.472589,5.377358,0.1,21
140056,51.472589,5.377358,0.04,21
140056,51.472589,5.377358,0.02,21
140056,51.472589,5.377358,0.07,21
140056,51.472589,5.377358,0.08,21
140057,51.47257,5.377388,0.13,21
140057,51.47257,5.377388,0.04,21
140057,51.47257,5.377388,0.08,21
140057,51.47257,5.377388,0.09,21
140057,51.47257,5.377388,0.05,21
140057,51.47257,5.377388,0.12,21
140057,51.47257,5.377388,0.22,21
140057,51.47257,5.377388,0.12,21
140057,51.47257,5.377388,0.11,21
140057,51.47257,5.377388,0.07,21
140058,51.472543,5.377413,0.17,21
140058,51.472543,5.377413,0.22,21
140058,51.472543,5.377413,0.08,21
140058,51.472543,5.377413,0.07,21
140058,51.472543,5.377413,0.15,21
140058,51.472543,5.377413,0.16,21
140058,51.472543,5.377413,0.52,21
140058,51.472543,5.377413,0.25,21
140058,51.472543,5.377413,0.44,21
140058,51.472543,5.377413,0.45,21
140059,51.47251,5.377431,0.45,20
140059,51.47251,5.377431,0.3,20
140059,51.47251,5.377431,0.21,20
140059,51.47251,5.377431,0.52,20
140059,51.47251,5.377431,0.26,20
140059,51.47251,5.377431,0.22,20
140059,51.47251,5.377431,0.09,20
140059,51.47251,5.377431,0.41,20
140059,51.47251,5.377431,0.25,20
140059,51.47251,5.377431,0.26,20
140100,51.472463,5.377446,0.32,20
140100,51.472463,5.377446,0.28,20
140100,51.472463,5.377446,0.24,20
140100,51.472463,5.377446,0.21,20
140100,51.472463,5.377446,0.28,20
140100,51.472463,5.377446,0.22,20
140100,51.472463,5.377446,0.25,20
140100,51.472463,5.377446,0.26,20
140100,51.472463,5.377446,0.32,20
140100,51.472463,5.377446,0.27,20
140101,51.472401,5.377466,0.34,20
140101,51.472401,5.377466,0.29,20
140101,51.472401,5.377466,0.32,20
140101,51.472401,5.377466,0.23,20
140101,51.472401,5.377466,0.2,20
140101,51.472401,5.377466,0.23,20
140101,51.472401,5.377466,0.2,20
140101,51.472401,5.377466,0.13,20
140101,51.472401,5.377466,0.25,20
140101,51.472401,5.377466,0.24,20
140102,51.472334,5.377511,0.35,21
140102,51.472334,5.377511,0.32,21
140102,51.472334,5.377511,0.26,21
140102,51.472334,5.377511,0.35,21
140102,51.472334,5.377511,0.31,21
140102,51.472334,5.377511,0.37,21
140102,51.472334,5.377511,0.4,21
140102,51.472334,5.377511,0.31,21
140102,51.472334,5.377511,0.32,21
140102,51.472334,5.377511,0.3,21
140103,51.472272,5.377584,0.3,21
140103,51.472272,5.377584,0.27,21
140103,51.472272,5.377584,0.31,21
140103,51.472272,5.377584,0.33,21
140103,51.472272,5.377584,0.2,21
140103,51.472272,5.377584,0.38,21
140103,51.472272,5.377584,0.31,21
140103,51.472272,5.377584,0.26,21
140103,51.472272,5.377584,0.28,21
140103,51.472272,5.377584,0.26,21
140104,51.472211,5.377691,0.2,22
140104,51.472211,5.377691,0.25,22
140104,51.472211,5.377691,0.05,22
140104,51.472211,5.377691,0.11,22
140104,51.472211,5.377691,0.05,22
140104,51.472211,5.377691,0.2,22
140104,51.472211,5.377691,0.05,22
140104,51.472211,5.377691,0.11,22
140104,51.472211,5.377691,0.11,22
140104,51.472211,5.377691,0.03,22
140105,51.472147,5.377826,0.08,22
140105,51.472147,5.377826,0.12,22
140105,51.472147,5.377826,0.13,22
140105,51.472147,5.377826,0.24,22
140105,51.472147,5.377826,0.18,22
140105,51.472147,5.377826,0.27,22
140105,51.472147,5.377826,0.18,22
140105,51.472147,5.377826,0.31,22
140105,51.472147,5.377826,0.25,22
140105,51.472147,5.377826,0.39,22
140106,51.472081,5.377965,0.26,22
140106,51.472081,5.377965,0.32,22
140106,51.472081,5.377965,0.33,22
140106,51.472081,5.377965,0.3,22
140106,51.472081,5.377965,0.22,22
140106,51.472081,5.377965,0.41,22
140106,51.472081,5.377965,0.27,22
140106,51.472081,5.377965,0.33,22
140106,51.472081,5.377965,0.26,22
140106,51.472081,5.377965,0.32,22
140107,51.472016,5.378117,0.2,22
140107,51.472016,5.378117,0.23,22
140107,51.472016,5.378117,0.29,22
140107,51.472016,5.378117,0.1,22
140107,51.472016,5.378117,0.2,22
140107,51.472016,5.378117,0.06,22
140107,51.472016,5.378117,0.25,22
140107,51.472016,5.378117,0.18,22
140107,51.472016,5.378117,0.28,22
140107,51.472016,5.378117,0.23,22
140108,51.471965,5.37829,0.35,22
140108,51.471965,5.37829,0.34,22
140108,51.471965,5.37829,0.34,22
140108,51.471965,5.37829,0.3,22
140108,51.471965,5.37829,0.31,22
140108,51.471965,5.37829,0.3,22
140108,51.471965,5.37829,0.25,22
140108,51.471965,5.37829,0.22,22
140108,51.471965,5.37829,0.11,22
140108,51.471965,5.37829,0.06,22
140109,51.471912,5.378459,0.09,22
140109,51.471912,5.378459,0.04,22
140109,51.471912,5.378459,0.05,22
140109,51.471912,5.378459,0.11,22
140109,51.471912,5.378459,0.17,22
140109,51.471912,5.378459,0.18,22
140109,51.471912,5.378459,0.17,22
140109,51.471912,5.378459,0.29,22
140109,51.471912,5.378459,0.22,22
140110,51.47184,5.378613,0.18,22
140110,51.47184,5.378613,0.28,22
140110,51.47184,5.378613,0.26,22
140110,51.47184,5.378613,0.25,22
140110,51.47184,5.378613,0.12,22
140110,51.47184,5.378613,0.14,22
140110,51.47184,5.378613,0.07,22
140110,51.47184,5.378613,0.04,22
140110,51.47184,5.378613,0.23,22
140110,51.47184,5.378613,0.13,22
140111,51.471758,5.378749,0.29,22
140111,51.471758,5.378749,0.33,22
140111,51.471758,5.378749,0.32,22
140111,51.471758,5.378749,0.4,22
140111,51.471758,5.378749,0.26,22
140111,51.471758,5.378749,0.32,22
140111,51.471758,5.378749,0.32,22
140111,51.471758,5.378749,0.23,22
140111,51.471758,5.378749,0.24,22
140111,51.471758,5.378749,0.18,22
140112,51.471682,5.37887,0.17,21
140112,51.471682,5.37887,0.31,21
140112,51.471682,5.37887,0.45,21
140112,51.471682,5.37887,0.42,21
140112,51.471682,5.37887,0.42,21
140112,51.471682,5.37887,0.43,21
140112,51.471682,5.37887,0.37,21
140112,51.471682,5.37887,0.27,21
140112,51.471682,5.37887,0.19,21
140112,51.471682,5.37887,0.4,21
140113,51.471628,5.378968,0.34,22
140113,51.471628,5.378968,0.3,22
140113,51.471628,5.378968,0.31,22
140113,51.471628,5.378968,0.29,22
140113,51.471628,5.378968,0.35,22
140113,51.471628,5.378968,0.34,22
140113,51.471628,5.378968,0.4,22
140113,51.471628,5.378968,0.44,22
140113,51.471628,5.378968,0.37,22
140113,51.471628,5.378968,0.35,22
140114,51.471577,5.379025,0.5,22
140114,51.471577,5.379025,0.5,22
140114,51.471577,5.379025,0.46,22
140114,51.471577,5.379025,0.42,22
140114,51.471577,5.379025,0.53,22
140114,51.471577,5.379025,0.39,22
140114,51.471577,5.379025,0.5,22
140114,51.471577,5.379025,0.45,22
140114,51.471577,5.379025,0.41,22
140114,51.471577,5.379025,0.41,22
140115,51.471515,5.379027,0.38,22
140115,51.471515,5.379027,0.4,22
140115,51.471515,5.379027,0.34,22
140115,51.471515,5.379027,0.4,22
140115,51.471515,5.379027,0.34,22
140115,51.471515,5.379027,0.41,22
140115,51.471515,5.379027,0.28,22
140115,51.471515,5.379027,0.26,22
140115,51.471515,5.379027,0.33,22
140115,51.471515,5.379027,0.27,22
140116,51.47145,5.378969,0.25,22
140116,51.47145,5.378969,0.27,22
140116,51.47145,5.378969,0.29,22
140116,51.47145,5.378969,0.43,22
140116,51.47145,5.378969,0.35,22
140116,51.47145,5.378969,0.38,22
140116,51.47145,5.378969,0.31,22
140116,51.47145,5.378969,0.25,22
140116,51.47145,5.378969,0.41,22
140116,51.47145,5.378969,0.32,22
140117,51.471371,5.378858,0.36,22
140117,51.471371,5.378858,0.16,22
140117,51.471371,5.378858,0.14,22
140117,51.471371,5.378858,0.04,22
140117,51.471371,5.378858,0.02,22
140117,51.471371,5.378858,0.06,22
140117,51.471371,5.378858,0.02,22
140117,51.471371,5.378858,0.02,22
140117,51.471371,5.378858,0.06,22
140117,51.471371,5.378858,0.16,22
140118,51.471279,5.378737,0.21,22
140118,51.471279,5.378737,0.13,22
140118,51.471279,5.378737,0.18,22
140118,51.471279,5.378737,0.18,22
140118,51.471279,5.378737,0.22,22
140118,51.471279,5.378737,0.07,22
140118,51.471279,5.378737,0.04,22
140118,51.471279,5.378737,0.21,22
140118,51.471279,5.378737,0.29,22
140118,51.471279,5.378737,0.3,22
140119,51.471181,5.37861,0.31,22
140119,51.471181,5.37861,0.4,22
140119,51.471181,5.37861,0.35,22
140119,51.471181,5.37861,0.3,22
140119,51.471181,5.37861,0.3,22
140119,51.471181,5.37861,0.25,22
140119,51.471181,5.37861,0.28,22
140119,51.471181,5.37861,0.33,22
140119,51.471181,5.37861,0.53,22
140119,51.471181,5.37861,0.54,22
140120,51.471096,5.378493,0.56,22
140120,51.471096,5.378493,0.55,22
140120,51.471096,5.378493,0.51,22
140120,51.471096,5.378493,0.52,22
140120,51.471096,5.378493,0.24,22
140120,51.471096,5.378493,0.31,22
140120,51.471096,5.378493,0.36,22
140120,51.471096,5.378493,0.46,22
140120,51.471096,5.378493,0.32,22
140120,51.471096,5.378493,0.47,22
140121,51.471032,5.378414,0.47,22
140121,51.471032,5.378414,0.45,22
140121,51.471032,5.378414,0.51,22
140121,51.471032,5.378414,0.51,22
140121,51.471032,5.378414,0.56,22
140121,51.471032,5.378414,0.53,22
140121,51.471032,5.378414,0.56,22
140121,51.471032,5.378414,0.67,22
140121,51.471032,5.378414,0.66,22
140121,51.471032,5.378414,0.71,22
140122,51.470976,5.37838,0.64,22
140122,51.470976,5.37838,0.77,22
140122,51.470976,5.37838,0.68,22
140122,51.470976,5.37838,0.66,22
140122,51.470976,5.37838,0.73,22
140122,51.470976,5.37838,0.65,22
140122,51.470976,5.37838,0.55,22
140122,51.470976,5.37838,0.55,22
140122,51.470976,5.37838,0.56,22
140122,51.470976,5.37838,0.51,22
140123,51.470918,5.378407,0.39,22
140123,51.470918,5.378407,0.39,22
140123,51.470918,5.378407,0.3,22
140123,51.470918,5.378407,0.25,22
140123,51.470918,5.378407,0.28,22
140123,51.470918,5.378407,0.2,22
140123,51.470918,5.378407,0.09,22
140123,51.470918,5.378407,0.34,22
140123,51.470918,5.378407,0.16,22
140123,51.470918,5.378407,0.26,22
140124,51.470865,5.378515,0.2,22
140124,51.470865,5.378515,0.14,22
140124,51.470865,5.378515,0.14,22
140124,51.470865,5.378515,0.34,22
140124,51.470865,5.378515,0.36,22
140124,51.470865,5.378515,0.27,22
140124,51.470865,5.378515,0.36,22
140124,51.470865,5.378515,0.29,22
140124,51.470865,5.378515,0.41,22
140125,51.470818,5.378638,0.37,22
140125,51.470818,5.378638,0.39,22
140125,51.470818,5.378638,0.38,22
140125,51.470818,5.378638,0.44,22
140125,51.470818,5.378638,0.37,22
140125,51.470818,5.378638,0.43,22
140125,51.470818,5.378638,0.52,22
140125,51.470818,5.378638,0.47,22
140125,51.470818,5.378638,0.51,22
140125,51.470818,5.378638,0.44,22
140126,51.470762,5.378725,0.44,22
140126,51.470762,5.378725,0.41,22
140126,51.470762,5.378725,0.43,22
140126,51.470762,5.378725,0.46,22
140126,51.470762,5.378725,0.48,22
140126,51.470762,5.378725,0.45,22
140126,51.470762,5.378725,0.5,22
140126,51.470762,5.378725,0.47,22
140126,51.470762,5.378725,0.5,22
140126,51.470762,5.378725,0.49,22
140127,51.470685,5.378739,0.46,22
140127,51.470685,5.378739,0.44,22
140127,51.470685,5.378739,0.45,22
140127,51.470685,5.378739,0.38,22
140127,51.470685,5.378739,0.41,22
140127,51.470685,5.378739,0.38,22
140127,51.470685,5.378739,0.35,22
140127,51.470685,5.378739,0.42,22
140127,51.470685,5.378739,0.4,22
140127,51.470685,5.378739,0.34,22
140128,51.470598,5.378685,0.35,22
140128,51.470598,5.378685,0.42,22
140128,51.470598,5.378685,0.37,22
140128,51.470598,5.378685,0.37,22
140128,51.470598,5.378685,0.38,22
140128,51.470598,5.378685,0.23,22
140128,51.470598,5.378685,0.2,22
140128,51.470598,5.378685,0.4,22
140128,51.470598,5.378685,0.31,22
140128,51.470598,5.378685,0.28,22
140129,51.470507,5.378572,0.3,22
140129,51.470507,5.378572,0.05,22
140129,51.470507,5.378572,0.03,22
140129,51.470507,5.378572,0.06,22
140129,51.470507,5.378572,0.05,22
140129,51.470507,5.378572,0.1,22
140129,51.470507,5.378572,0.06,22
140129,51.470507,5.378572,0.07,22
140129,51.470507,5.378572,0.18,22
140129,51.470507,5.378572,0.18,22
140130,51.470403,5.378429,0.45,22
140130,51.470403,5.378429,0.24,22
140130,51.470403,5.378429,0.05,22
140130,51.470403,5.378429,0.3,22
140130,51.470403,5.378429,0.16,22
140130,51.470403,5.378429,0.34,22
140130,51.470403,5.378429,0.12,22
140130,51.470403,5.378429,0.23,22
140130,51.470403,5.378429,0.18,22
140130,51.470403,5.378429,0.26,22
140131,51.470292,5.378285,0.22,22
140131,51.470292,5.378285,0.25,22
140131,51.470292,5.378285,0.18,22
140131,51.470292,5.378285,0.19,22
140131,51.470292,5.378285,0.32,22
140131,51.470292,5.378285,0.28,22
140131,51.470292,5.378285,0.25,22
140131,51.470292,5.378285,0.23,22
140131,51.470292,5.378285,0.27,22
140131,51.470292,5.378285,0.22,22
140132,51.470167,5.378132,0.32,22
140132,51.470167,5.378132,0.21,22
140132,51.470167,5.378132,0.21,22
140132,51.470167,5.378132,0.23,22
140132,51.470167,5.378132,0.26,22
140132,51.470167,5.378132,0.3,22
140132,51.470167,5.378132,0.09,22
140132,51.470167,5.378132,0.04,22
140132,51.470167,5.378132,0.36,22
140132,51.470167,5.378132,0.09,22
140133,51.470026,5.377961,0.36,22
140133,51.470026,5.377961,0.33,22
140133,51.470026,5.377961,0.41,22
140133,51.470026,5.377961,0.43,22
140133,51.470026,5.377961,0.38,22
140133,51.470026,5.377961,0.44,22
140133,51.470026,5.377961,0.39,22
140133,51.470026,5.377961,0.46,22
140133,51.470026,5.377961,0.47,22
140133,51.470026,5.377961,0.38,22
140134,51.469892,5.377789,0.41,22
140134,51.469892,5.377789,0.34,22
140134,51.469892,5.377789,0.38,22
140134,51.469892,5.377789,0.6,22
140134,51.469892,5.377789,0.68,22
140134,51.469892,5.377789,0.64,22
140134,51.469892,5.377789,0.53,22
140134,51.469892,5.377789,0.42,22
140134,51.469892,5.377789,0.42,22
140134,51.469892,5.377789,0.43,22
140135,51.469791,5.377646,0.08,22
140135,51.469791,5.377646,0.13,22
140135,51.469791,5.377646,0.22,22
140135,51.469791,5.377646,0.2,22
140135,51.469791,5.377646,0.2,22
140135,51.469791,5.377646,0.29,22
140135,51.469791,5.377646,0.44,22
140135,51.469791,5.377646,0.41,22
140135,51.469791,5.377646,0.45,22
140135,51.469791,5.377646,0.47,22
140136,51.469721,5.377536,0.38,22
140136,51.469721,5.377536,0.4,22
140136,51.469721,5.377536,0.38,22
140136,51.469721,5.377536,0.35,22
140136,51.469721,5.377536,0.42,22
140136,51.469721,5.377536,0.28,22
140136,51.469721,5.377536,0.43,22
140136,51.469721,5.377536,0.41,22
140136,51.469721,5.377536,0.37,22
140136,51.469721,5.377536,0.37,22
140137,51.46967,5.377402,0.45,22
140137,51.46967,5.377402,0.43,22
140137,51.46967,5.377402,0.45,22
140137,51.46967,5.377402,0.45,22
140137,51.46967,5.377402,0.42,22
140137,51.46967,5.377402,0.35,22
140137,51.46967,5.377402,0.39,22
140137,51.46967,5.377402,0.39,22
140137,51.46967,5.377402,0.38,22
140137,51.46967,5.377402,0.43,22
140138,51.469652,5.37723,0.39,22
140138,51.469652,5.37723,0.36,22
140138,51.469652,5.37723,0.28,22
140138,51.469652,5.37723,0.4,22
140138,51.469652,5.37723,0.36,22
140138,51.469652,5.37723,0.24,22
140138,51.469652,5.37723,0.32,22
140138,51.469652,5.37723,0.14,22
140138,51.469652,5.37723,0.06,22
140138,51.469652,5.37723,0.3,22
140139,51.46967,5.377058,0.28,22
140139,51.46967,5.377058,0.31,22
140139,51.46967,5.377058,0.46,22
140139,51.46967,5.377058,0.45,22
140139,51.46967,5.377058,0.45,22
140139,51.46967,5.377058,0.53,22
140139,51.46967,5.377058,0.54,22
140139,51.46967,5.377058,0.54,22
140139,51.46967,5.377058,0.49,22
140140,51.469701,5.376901,0.59,22
140140,51.469701,5.376901,0.66,22
140140,51.469701,5.376901,0.66,22
140140,51.469701,5.376901,0.69,22
140140,51.469701,5.376901,0.7,22
140140,51.469701,5.376901,0.58,22
140140,51.469701,5.376901,0.58,22
140140,51.469701,5.376901,0.79,22
140140,51.469701,5.376901,0.75,22
140140,51.469701,5.376901,0.7,22
140141,51.469703,5.376756,0.79,22
140141,51.469703,5.376756,0.66,22
140141,51.469703,5.376756,0.67,22
140141,51.469703,5.376756,0.74,22
140141,51.469703,5.376756,0.68,22
140141,51.469703,5.376756,0.61,22
140141,51.469703,5.376756,0.65,22
140141,51.469703,5.376756,0.44,22
140141,51.469703,5.376756,0.46,22
140141,51.469703,5.376756,0.41,22
140142,51.469657,5.376619,0.41,21
140142,51.469657,5.376619,0.25,21
140142,51.469657,5.376619,0.4,21
140142,51.469657,5.376619,0.43,21
140142,51.469657,5.376619,0.4,21
140142,51.469657,5.376619,0.31,21
140142,51.469657,5.376619,0.12,21
140142,51.469657,5.376619,0.09,21
140142,51.469657,5.376619,0.1,21
140142,51.469657,5.376619,0.19,21
140143,51.469543,5.376487,0.14,21
140143,51.469543,5.376487,0.08,21
140143,51.469543,5.376487,0.04,21
140143,51.469543,5.376487,0.1,21
140143,51.469543,5.376487,0.16,21
140143,51.469543,5.376487,0.21,21
140143,51.469543,5.376487,0.46,21
140143,51.469543,5.376487,0.45,21
140143,51.469543,5.376487,0.11,21
140143,51.469543,5.376487,0.2,21
140144,51.469419,5.376353,0.14,21
140144,51.469419,5.376353,0.3,21
140144,51.469419,5.376353,0.21,21
140144,51.469419,5.376353,0.23,21
140144,51.469419,5.376353,0.25,21
140144,51.469419,5.376353,0.25,21
140144,51.469419,5.376353,0.14,21
140144,51.469419,5.376353,0.35,21
140144,51.469419,5.376353,0.27,21
140144,51.469419,5.376353,0.32,21
140145,51.469292,5.376207,0.43,21
140145,51.469292,5.376207,0.44,21
140145,51.469292,5.376207,0.42,21
140145,51.469292,5.376207,0.42,21
140145,51.469292,5.376207,0.52,21
140145,51.469292,5.376207,0.44,21
140145,51.469292,5.376207,0.4,21
140145,51.469292,5.376207,0.4,21
140145,51.469292,5.376207,0.35,21
140145,51.469292,5.376207,0.35,21
140146,51.469177,5.376066,0.48,21
140146,51.469177,5.376066,0.57,21
140146,51.469177,5.376066,0.58,21
140146,51.469177,5.376066,0.56,21
140146,51.469177,5.376066,0.48,21
140146,51.469177,5.376066,0.5,21
140146,51.469177,5.376066,0.56,21
140146,51.469177,5.376066,0.58,21
140146,51.469177,5.376066,0.53,21
140146,51.469177,5.376066,0.49,21
140147,51.469099,5.375948,0.48,21
140147,51.469099,5.375948,0.46,21
140147,51.469099,5.375948,0.58,21
140147,51.469099,5.375948,0.57,21
140147,51.469099,5.375948,0.47,21
140147,51.469099,5.375948,0.54,21
140147,51.469099,5.375948,0.51,21
140147,51.469099,5.375948,0.61,21
140147,51.469099,5.375948,0.56,21
140147,51.469099,5.375948,0.62,21
140148,51.469069,5.37582,0.57,21
140148,51.469069,5.37582,0.49,21
140148,51.469069,5.37582,0.65,21
140148,51.469069,5.37582,0.59,21
140148,51.469069,5.37582,0.53,21
140148,51.469069,5.37582,0.55,21
140148,51.469069,5.37582,0.58,21
140148,51.469069,5.37582,0.52,21
140148,51.469069,5.37582,0.55,21
140148,51.469069,5.37582,0.67,21
140149,51.469085,5.375666,0.58,21
140149,51.469085,5.375666,0.36,21
140149,51.469085,5.375666,0.43,21
140149,51.469085,5.375666,0.35,21
140149,51.469085,5.375666,0.42,21
140149,51.469085,5.375666,0.35,21
140149,51.469085,5.375666,0.35,21
140149,51.469085,5.375666,0.08,21
140149,51.469085,5.375666,0.08,21
140149,51.469085,5.375666,0.04,21
140150,51.469142,5.375492,0.05,22
140150,51.469142,5.375492,0.19,22
140150,51.469142,5.375492,0.05,22
140150,51.469142,5.375492,0.02,22
140150,51.469142,5.375492,0.04,22
140150,51.469142,5.375492,0.09,22
140150,51.469142,5.375492,0.15,22
140150,51.469142,5.375492,0.34,22
140150,51.469142,5.375492,0.46,22
140150,51.469142,5.375492,0.31,22
140151,51.469234,5.375309,0.03,22
140151,51.469234,5.375309,0.24,22
140151,51.469234,5.375309,0.14,22
140151,51.469234,5.375309,0.22,22
140151,51.469234,5.375309,0.22,22
140151,51.469234,5.375309,0.31,22
140151,51.469234,5.375309,0.24,22
140151,51.469234,5.375309,0.34,22
140151,51.469234,5.375309,0.24,22
140151,51.469234,5.375309,0.34,22
140152,51.469333,5.375117,0.2,22
140152,51.469333,5.375117,0.25,22
140152,51.469333,5.375117,0.24,22
140152,51.469333,5.375117,0.21,22
140152,51.469333,5.375117,0.2,22
140152,51.469333,5.375117,0.25,22
140152,51.469333,5.375117,0.34,22
140152,51.469333,5.375117,0.14,22
140152,51.469333,5.375117,0.35,22
140152,51.469333,5.375117,0.24,22
140153,51.46944,5.374902,0.26,22
140153,51.46944,5.374902,0.24,22
140153,51.46944,5.374902,0.3,22
140153,51.46944,5.374902,0.24,22
140153,51.46944,5.374902,0.27,22
140153,51.46944,5.374902,0.22,22
140153,51.46944,5.374902,0.18,22
140153,51.46944,5.374902,0.23,22
140153,51.46944,5.374902,0.22,22
140154,51.469558,5.374663,0.35,22
140154,51.469558,5.374663,0.15,22
140154,51.469558,5.374663,0.25,22
140154,51.469558,5.374663,0.51,22
140154,51.469558,5.374663,0.54,22
140154,51.469558,5.374663,0.31,22
140154,51.469558,5.374663,0.23,22
140154,51.469558,5.374663,0.34,22
140154,51.469558,5.374663,0.26,22
140154,51.469558,5.374663,0.22,22
140154,51.469558,5.374663,0.33,22
140155,51.469685,5.374398,0.24,22
140155,51.469685,5.374398,0.19,22
140155,51.469685,5.374398,0.36,22
140155,51.469685,5.374398,0.36,22
140155,51.469685,5.374398,0.49,22
140155,51.469685,5.374398,0.43,22
140155,51.469685,5.374398,0.43,22
140155,51.469685,5.374398,0.44,22
140155,51.469685,5.374398,0.51,22
140156,51.469813,5.374126,0.51,22
140156,51.469813,5.374126,0.43,22
140156,51.469813,5.374126,0.41,22
140156,51.469813,5.374126,0.46,22
140156,51.469813,5.374126,0.4,22
140156,51.469813,5.374126,0.33,22
140156,51.469813,5.374126,0.37,22
140156,51.469813,5.374126,0.42,22
140156,51.469813,5.374126,0.42,22
140156,51.469813,5.374126,0.41,22
140157,51.469931,5.373886,0.47,22
140157,51.469931,5.373886,0.5,22
140157,51.469931,5.373886,0.51,22
140157,51.469931,5.373886,0.52,22
140157,51.469931,5.373886,0.53,22
140157,51.469931,5.373886,0.57,22
140157,51.469931,5.373886,0.59,22
140157,51.469931,5.373886,0.61,22
140157,51.469931,5.373886,0.58,22
140157,51.469931,5.373886,0.54,22
140158,51.470018,5.373725,0.43,22
140158,51.470018,5.373725,0.41,22
140158,51.470018,5.373725,0.4,22
140158,51.470018,5.373725,0.47,22
140158,51.470018,5.373725,0.5,22
140158,51.470018,5.373725,0.4,22
140158,51.470018,5.373725,0.58,22
140158,51.470018,5.373725,0.35,22
140158,51.470018,5.373725,0.42,22
140158,51.470018,5.373725,0.46,22
140159,51.470093,5.373633,0.42,22
140159,51.470093,5.373633,0.53,22
140159,51.470093,5.373633,0.51,22
140159,51.470093,5.373633,0.58,22
140159,51.470093,5.373633,0.47,22
140159,51.470093,5.373633,0.42,22
140159,51.470093,5.373633,0.56,22
140159,51.470093,5.373633,0.5,22
140159,51.470093,5.373633,0.53,22
140159,51.470093,5.373633,0.53,22
140200,51.470187,5.373604,0.44,22
140200,51.470187,5.373604,0.52,22
140200,51.470187,5.373604,0.54,22
140200,51.470187,5.373604,0.54,22
140200,51.470187,5.373604,0.53,22
140200,51.470187,5.373604,0.58,22
140200,51.470187,5.373604,0.7,22
140200,51.470187,5.373604,0.69,22
140200,51.470187,5.373604,0.59,22
140200,51.470187,5.373604,0.53,22
140201,51.470291,5.373643,0.73,22
140201,51.470291,5.373643,0.45,22
140201,51.470291,5.373643,0.27,22
140201,51.470291,5.373643,0.19,22
140201,51.470291,5.373643,0.33,22
140201,51.470291,5.373643,0.32,22
140201,51.470291,5.373643,0.31,22
140201,51.470291,5.373643,0.32,22
140201,51.470291,5.373643,0.05,22
140201,51.470291,5.373643,0.07,22
140202,51.470392,5.373769,0.04,22
140202,51.470392,5.373769,0.08,22
140202,51.470392,5.373769,0.1,22
140202,51.470392,5.373769,0.12,22
140202,51.470392,5.373769,0.18,22
140202,51.470392,5.373769,0.26,22
140202,51.470392,5.373769,0.2,22
140202,51.470392,5.373769,0.3,22
140202,51.470392,5.373769,0.48,22
140202,51.470392,5.373769,0.38,22
140203,51.470499,5.373915,0.44,22
140203,51.470499,5.373915,0.36,22
140203,51.470499,5.373915,0.41,22
140203,51.470499,5.373915,0.32,22
140203,51.470499,5.373915,0.37,22
140203,51.470499,5.373915,0.38,22
140203,51.470499,5.373915,0.39,22
140203,51.470499,5.373915,0.38,22
140203,51.470499,5.373915,0.43,22
140203,51.470499,5.373915,0.37,22
140204,51.470622,5.374056,0.38,22
140204,51.470622,5.374056,0.41,22
140204,51.470622,5.374056,0.32,22
140204,51.470622,5.374056,0.46,22
140204,51.470622,5.374056,0.52,22
140204,51.470622,5.374056,0.41,22
140204,51.470622,5.374056,0.49,22
140204,51.470622,5.374056,0.5,22
140204,51.470622,5.374056,0.62,22
140204,51.470622,5.374056,0.45,22
140205,51.470773,5.374182,0.4,22
140205,51.470773,5.374182,0.39,22
140205,51.470773,5.374182,0.41,22
140205,51.470773,5.374182,0.5,22
140205,51.470773,5.374182,0.34,22
140205,51.470773,5.374182,0.41,22
140205,51.470773,5.374182,0.33,22
140205,51.470773,5.374182,0.4,22
140205,51.470773,5.374182,0.28,22
140205,51.470773,5.374182,0.35,22
140206,51.470951,5.374277,0.25,22
140206,51.470951,5.374277,0.33,22
140206,51.470951,5.374277,0.43,22
140206,51.470951,5.374277,0.26,22
140206,51.470951,5.374277,0.37,22
140206,51.470951,5.374277,0.16,22
140206,51.470951,5.374277,0.34,22
140206,51.470951,5.374277,0.28,22
140206,51.470951,5.374277,0.27,22
140206,51.470951,5.374277,0.29,22
140207,51.471152,5.37435,0.16,22
140207,51.471152,5.37435,0.34,22
140207,51.471152,5.37435,0.16,22
140207,51.471152,5.37435,0.18,22
140207,51.471152,5.37435,0.21,22
140207,51.471152,5.37435,0.31,22
140207,51.471152,5.37435,0.27,22
140207,51.471152,5.37435,0.23,22
140207,51.471152,5.37435,0.39,22
140207,51.471152,5.37435,0.33,22
140208,51.471364,5.374419,0.32,21
140208,51.471364,5.374419,0.23,21
140208,51.471364,5.374419,0.24,21
140208,51.471364,5.374419,0.22,21
140208,51.471364,5.374419,0.26,21
140208,51.471364,5.374419,0.19,21
140208,51.471364,5.374419,0.21,21
140208,51.471364,5.374419,0.29,21
140208,51.471364,5.374419,0.25,21
140208,51.471364,5.374419,0.24,21
140209,51.471558,5.374511,0.21,22
140209,51.471558,5.374511,0.36,22
140209,51.471558,5.374511,0.18,22
140209,51.471558,5.374511,0.2,22
140209,51.471558,5.374511,0.34,22
140209,51.471558,5.374511,0.38,22
140209,51.471558,5.374511,0.33,22
140209,51.471558,5.374511,0.39,22
140209,51.471558,5.374511,0.19,22
140210,51.471739,5.374643,0.33,22
140210,51.471739,5.374643,0.32,22
140210,51.471739,5.374643,0.33,22
140210,51.471739,5.374643,0.31,22
140210,51.471739,5.374643,0.22,22
140210,51.471739,5.374643,0.27,22
140210,51.471739,5.374643,0.39,22
140210,51.471739,5.374643,0.26,22
140210,51.471739,5.374643,0.21,22
140210,51.471739,5.374643,0.23,22
140211,51.47192,5.37482,0.27,22
140211,51.47192,5.37482,0.23,22
140211,51.47192,5.37482,0.31,22
140211,51.47192,5.37482,0.24,22
140211,51.47192,5.37482,0.26,22
140211,51.47192,5.37482,0.32,22
140211,51.47192,5.37482,0.34,22
140211,51.47192,5.37482,0.29,22
140211,51.47192,5.37482,0.29,22
140211,51.47192,5.37482,0.39,22
140212,51.47209,5.375037,0.44,22
140212,51.47209,5.375037,0.37,22
140212,51.47209,5.375037,0.42,22
140212,51.47209,5.375037,0.52,22
140212,51.47209,5.375037,0.42,22
140212,51.47209,5.375037,0.43,22
140212,51.47209,5.375037,0.36,22
140212,51.47209,5.375037,0.4,22
140212,51.47209,5.375037,0.37,22
140212,51.47209,5.375037,0.25,22
140213,51.472236,5.375291,0.2,22
140213,51.472236,5.375291,0.21,22
140213,51.472236,5.375291,0.08,22
140213,51.472236,5.375291,0.3,22
140213,51.472236,5.375291,0.11,22
140213,51.472236,5.375291,0.28,22
140213,51.472236,5.375291,0.33,22
140213,51.472236,5.375291,0.39,22
140213,51.472236,5.375291,0.43,22
140213,51.472236,5.375291,0.43,22
140214,51.47236,5.375578,0.51,22
140214,51.47236,5.375578,0.51,22
140214,51.47236,5.375578,0.56,22
140214,51.47236,5.375578,0.66,22
140214,51.47236,5.375578,0.63,22
140214,51.47236,5.375578,0.7,22
140214,51.47236,5.375578,0.68,22
140214,51.47236,5.375578,0.65,22
140214,51.47236,5.375578,0.35,22
140214,51.47236,5.375578,0.45,22
140215,51.472479,5.375842,0.44,22
140215,51.472479,5.375842,0.45,22
140215,51.472479,5.375842,0.53,22
140215,51.472479,5.375842,0.53,22
140215,51.472479,5.375842,0.47,22
140215,51.472479,5.375842,0.41,22
140215,51.472479,5.375842,0.39,22
140215,51.472479,5.375842,0.29,22
140215,51.472479,5.375842,0.37,22
140215,51.472479,5.375842,0.44,22
140216,51.472609,5.37602,0.43,22
140216,51.472609,5.37602,0.47,22
140216,51.472609,5.37602,0.41,22
140216,51.472609,5.37602,0.39,22
140216,51.472609,5.37602,0.44,22
140216,51.472609,5.37602,0.54,22
140216,51.472609,5.37602,0.58,22
140216,51.472609,5.37602,0.52,22
140216,51.472609,5.37602,0.49,22
140216,51.472609,5.37602,0.49,22
140217,51.47277,5.376158,0.52,22
140217,51.47277,5.376158,0.44,22
140217,51.47277,5.376158,0.54,22
140217,51.47277,5.376158,0.59,22
140217,51.47277,5.376158,0.5,22
140217,51.47277,5.376158,0.52,22
140217,51.47277,5.376158,0.68,22
140217,51.47277,5.376158,0.57,22
140217,51.47277,5.376158,0.5,22
140217,51.47277,5.376158,0.51,22
140218,51.472949,5.376262,0.58,22
140218,51.472949,5.376262,0.54,22
140218,51.472949,5.376262,0.57,22
140218,51.472949,5.376262,0.47,22
140218,51.472949,5.376262,0.09,22
140218,51.472949,5.376262,0.21,22
140218,51.472949,5.376262,0.25,22
140218,51.472949,5.376262,0.2,22
140218,51.472949,5.376262,0.2,22
140218,51.472949,5.376262,0.23,22
140219,51.473149,5.376317,0.39,22
140219,51.473149,5.376317,0.41,22
140219,51.473149,5.376317,0.32,22
140219,51.473149,5.376317,0.42,22
140219,51.473149,5.376317,0.5,22
140219,51.473149,5.376317,0.39,22
140219,51.473149,5.376317,0.39,22
140219,51.473149,5.376317,0.38,22
140219,51.473149,5.376317,0.36,22
140219,51.473149,5.376317,0.46,22
140220,51.473356,5.376381,0.36,22
140220,51.473356,5.376381,0.41,22
140220,51.473356,5.376381,0.45,22
140220,51.473356,5.376381,0.37,22
140220,51.473356,5.376381,0.13,22
140220,51.473356,5.376381,0.14,22
140220,51.473356,5.376381,0.26,22
140220,51.473356,5.376381,0.29,22
140220,51.473356,5.376381,0.36,22
140220,51.473356,5.376381,0.22,22
140221,51.473547,5.376511,0.35,22
140221,51.473547,5.376511,0.18,22
140221,51.473547,5.376511,0.4,22
140221,51.473547,5.376511,0.29,22
140221,51.473547,5.376511,0.33,22
140221,51.473547,5.376511,0.42,22
140221,51.473547,5.376511,0.28,22
140221,51.473547,5.376511,0.25,22
140221,51.473547,5.376511,0.18,22
140221,51.473547,5.376511,0.19,22
140222,51.473724,5.37668,0.2,22
140222,51.473724,5.37668,0.24,22
140222,51.473724,5.37668,0.38,22
140222,51.473724,5.37668,0.28,22
140222,51.473724,5.37668,0.26,22
140222,51.473724,5.37668,0.41,22
140222,51.473724,5.37668,0.39,22
140222,51.473724,5.37668,0.43,22
140222,51.473724,5.37668,0.36,22
140222,51.473724,5.37668,0.3,22
140223,51.473889,5.376888,0.24,22
140223,51.473889,5.376888,0.38,22
140223,51.473889,5.376888,0.15,22
140223,51.473889,5.376888,0.35,22
140223,51.473889,5.376888,0.39,22
140223,51.473889,5.376888,0.41,22
140223,51.473889,5.376888,0.54,22
140223,51.473889,5.376888,0.44,22
140223,51.473889,5.376888,0.52,22
140223,51.473889,5.376888,0.5,22
140224,51.474034,5.377127,0.54,22
140224,51.474034,5.377127,0.47,22
140224,51.474034,5.377127,0.5,22
140224,51.474034,5.377127,0.49,22
140224,51.474034,5.377127,0.52,22
140224,51.474034,5.377127,0.62,22
140224,51.474034,5.377127,0.69,22
140224,51.474034,5.377127,0.72,22
140224,51.474034,5.377127,0.69,22
140224,51.474034,5.377127,0.61,22
140225,51.474153,5.377344,0.61,22
140225,51.474153,5.377344,0.65,22
140225,51.474153,5.377344,0.58,22
140225,51.474153,5.377344,0.46,22
140225,51.474153,5.377344,0.61,22
140225,51.474153,5.377344,0.5,22
140225,51.474153,5.377344,0.69,22
140225,51.474153,5.377344,0.48,22
140225,51.474153,5.377344,0.66,22
140226,51.474224,5.377492,0.61,22
140226,51.474224,5.377492,0.47,22
140226,51.474224,5.377492,0.31,22
140226,51.474224,5.377492,0.27,22
140226,51.474224,5.377492,0.25,22
140226,51.474224,5.377492,0.17,22
140226,51.474224,5.377492,0.17,22
140226,51.474224,5.377492,0.21,22
140226,51.474224,5.377492,0.2,22
140226,51.474224,5.377492,0.29,22
140227,51.474255,5.377621,0.34,22
140227,51.474255,5.377621,0.27,22
140227,51.474255,5.377621,0.33,22
140227,51.474255,5.377621,0.38,22
140227,51.474255,5.377621,0.44,22
140227,51.474255,5.377621,0.42,22
140227,51.474255,5.377621,0.52,22
140227,51.474255,5.377621,0.53,22
140227,51.474255,5.377621,0.45,22
140227,51.474255,5.377621,0.53,22
140228,51.474271,5.377729,0.55,22
140228,51.474271,5.377729,0.48,22
140228,51.474271,5.377729,0.59,22
140228,51.474271,5.377729,0.6,22
140228,51.474271,5.377729,0.52,22
140228,51.474271,5.377729,0.55,22
140228,51.474271,5.377729,0.6,22
140228,51.474271,5.377729,0.63,22
140228,51.474271,5.377729,0.57,22
140228,51.474271,5.377729,0.63,22
140229,51.47431,5.377807,0.58,22
140229,51.47431,5.377807,0.62,22
140229,51.47431,5.377807,0.56,22
140229,51.47431,5.377807,0.62,22
140229,51.47431,5.377807,0.64,22
140229,51.47431,5.377807,0.64,22
140229,51.47431,5.377807,0.68,22
140229,51.47431,5.377807,0.63,22
140229,51.47431,5.377807,0.59,22
140229,51.47431,5.377807,0.62,22
140230,51.474375,5.377829,0.58,22
140230,51.474375,5.377829,0.63,22
140230,51.474375,5.377829,0.62,22
140230,51.474375,5.377829,0.57,22
140230,51.474375,5.377829,0.62,22
140230,51.474375,5.377829,0.62,22
140230,51.474375,5.377829,0.62,22
140230,51.474375,5.377829,0.64,22
140230,51.474375,5.377829,0.57,22
140230,51.474375,5.377829,0.67,22
140231,51.474438,5.377786,0.52,22
140231,51.474438,5.377786,0.54,22
140231,51.474438,5.377786,0.57,22
140231,51.474438,5.377786,0.59,22
140231,51.474438,5.377786,0.56,22
140231,51.474438,5.377786,0.52,22
140231,51.474438,5.377786,0.44,22
140231,51.474438,5.377786,0.45,22
140231,51.474438,5.377786,0.38,22
140231,51.474438,5.377786,0.29,22
140232,51.474477,5.377691,0.25,22
140232,51.474477,5.377691,0.21,22
140232,51.474477,5.377691,0.23,22
140232,51.474477,5.377691,0.12,22
140232,51.474477,5.377691,0.17,22
140232,51.474477,5.377691,0.17,22
140232,51.474477,5.377691,0.2,22
140232,51.474477,5.377691,0.14,22
140232,51.474477,5.377691,0.1,22
140232,51.474477,5.377691,0.14,22
140233,51.474488,5.377563,0.11,22
140233,51.474488,5.377563,0.12,22
140233,51.474488,5.377563,0.13,22
140233,51.474488,5.377563,0.14,22
140233,51.474488,5.377563,0.16,22
140233,51.474488,5.377563,0.11,22
140233,51.474488,5.377563,0.18,22
140233,51.474488,5.377563,0.13,22
140233,51.474488,5.377563,0.15,22
140233,51.474488,5.377563,0.17,22
140234,51.474503,5.377425,0.18,22
140234,51.474503,5.377425,0.04,22
140234,51.474503,5.377425,0.09,22
140234,51.474503,5.377425,0.11,22
140234,51.474503,5.377425,0.11,22
140234,51.474503,5.377425,0.1,22
140234,51.474503,5.377425,0.11,22
140234,51.474503,5.377425,0.04,22
140234,51.474503,5.377425,0.03,22
140234,51.474503,5.377425,0.1,22
140235,51.474537,5.377291,0.01,22
140235,51.474537,5.377291,0.05,22
140235,51.474537,5.377291,0.09,22
140235,51.474537,5.377291,0.08,22
140235,51.474537,5.377291,0.08,22
140235,51.474537,5.377291,0.13,22
140235,51.474537,5.377291,0.16,22
140235,51.474537,5.377291,0.13,22
140235,51.474537,5.377291,0.08,22
140235,51.474537,5.377291,0.08,22
140236,51.474582,5.377162,0.08,22
140236,51.474582,5.377162,0.06,22
140236,51.474582,5.377162,0.04,22
140236,51.474582,5.377162,0.02,22
140236,51.474582,5.377162,0.05,22
140236,51.474582,5.377162,0.01,22
140236,51.474582,5.377162,0.02,22
140236,51.474582,5.377162,0.03,22
140236,51.474582,5.377162,0.02,22
140236,51.474582,5.377162,0.03,22
140237,51.474626,5.377038,0,22
140237,51.474626,5.377038,0,22
140237,51.474626,5.377038,0.05,22
140237,51.474626,5.377038,0.02,22
140237,51.474626,5.377038,0.02,22
140237,51.474626,5.377038,0,22
140237,51.474626,5.377038,0.09,22
140237,51.474626,5.377038,0.09,22
140237,51.474626,5.377038,0.12,22
140237,51.474626,5.377038,0.13,22
140238,51.474673,5.37692,0.16,22
140238,51.474673,5.37692,0.18,22
140238,51.474673,5.37692,0.16,22
140238,51.474673,5.37692,0.18,22
140238,51.474673,5.37692,0.18,22
140238,51.474673,5.37692,0.17,22
140238,51.474673,5.37692,0.21,22
140238,51.474673,5.37692,0.16,22
140238,51.474673,5.37692,0.2,22
140238,51.474673,5.37692,0.2,22
140239,51.474722,5.376823,0.24,22
140239,51.474722,5.376823,0.24,22
140239,51.474722,5.376823,0.24,22
140239,51.474722,5.376823,0.19,22
140239,51.474722,5.376823,0.17,22
140239,51.474722,5.376823,0.17,22
140239,51.474722,5.376823,0.17,22
140239,51.474722,5.376823,0.14,22
140239,51.474722,5.376823,0.15,22
140239,51.474722,5.376823,0.13,22
140240,51.474762,5.37675,0.15,22
140240,51.474762,5.37675,0.14,22
140240,51.474762,5.37675,0.14,22
140240,51.474762,5.37675,0.12,22
140240,51.474762,5.37675,0.14,22
140240,51.474762,5.37675,0.15,22
140240,51.474762,5.37675,0.12,22
140240,51.474762,5.37675,0.13,22
140240,51.474762,5.37675,0.17,22
140240,51.474762,5.37675,0.16,22
140241,51.474794,5.376688,0.18,21
140241,51.474794,5.376688,0.19,21
140241,51.474794,5.376688,0.19,21
140241,51.474794,5.376688,0.17,21
140241,51.474794,5.376688,0.17,21
140241,51.474794,5.376688,0.19,21
140241,51.474794,5.376688,0.16,21
140241,51.474794,5.376688,0.19,21
140241,51.474794,5.376688,0.19,21
140242,51.474817,5.376635,0.18,21
140242,51.474817,5.376635,0.21,21
140242,51.474817,5.376635,0.21,21
140242,51.474817,5.376635,0.19,21
140242,51.474817,5.376635,0.2,21
140242,51.474817,5.376635,0.19,21
140242,51.474817,5.376635,0.18,21
140242,51.474817,5.376635,0.19,21
140242,51.474817,5.376635,0.18,21
140242,51.474817,5.376635,0.15,21
140243,51.474832,5.376598,0.13,21
140243,51.474832,5.376598,0.13,21
140243,51.474832,5.376598,0.11,21
140243,51.474832,5.376598,0.1,21
140243,51.474832,5.376598,0.09,21
140243,51.474832,5.376598,0.09,21
140243,51.474832,5.376598,0.09,21
140243,51.474832,5.376598,0.09,21
140243,51.474832,5.376598,0.09,21
140243,51.474832,5.376598,0.09,21
140244,51.474839,5.376578,0.09,21
140244,51.474839,5.376578,0.1,21
140244,51.474839,5.376578,0.1,21
140244,51.474839,5.376578,0.1,21
140244,51.474839,5.376578,0.09,21
140244,51.474839,5.376578,0.09,21
140244,51.474839,5.376578,0.1,21
140244,51.474839,5.376578,0.13,21
140244,51.474839,5.376578,0.14,21
140244,51.474839,5.376578,0.14,21
140245,51.474844,5.376564,0.15,21
140245,51.474844,5.376564,0.16,21
140245,51.474844,5.376564,0.16,21
140245,51.474844,5.376564,0.16,21
140245,51.474844,5.376564,0.15,21
140245,51.474844,5.376564,0.1,21
140245,51.474844,5.376564,0.11,21
140245,51.474844,5.376564,0.09,21
140245,51.474844,5.376564,0.09,21
140245,51.474844,5.376564,0.09,21
140246,51.474844,5.376563,0.08,21
140246,51.474844,5.376563,0.09,21
140246,51.474844,5.376563,0.09,21
140246,51.474844,5.376563,0.1,21
140246,51.474844,5.376563,0.09,21
140246,51.474844,5.376563,0.1,21
140246,51.474844,5.376563,0.1,21
140246,51.474844,5.376563,0.1,21
140246,51.474844,5.376563,0.08,21
140246,51.474844,5.376563,0.09,21
140247,51.474845,5.376563,0.08,21
140247,51.474845,5.376563,0.1,21
140247,51.474845,5.376563,0.09,21
140247,51.474845,5.376563,0.08,21
140247,51.474845,5.376563,0.08,21
140247,51.474845,5.376563,0.09,21
140247,51.474845,5.376563,0.09,21
140247,51.474845,5.376563,0.08,21
140247,51.474845,5.376563,0.08,21
140248,51.474845,5.376563,0.07,21
140248,51.474845,5.376563,0.09,21
140248,51.474845,5.376563,0.09,21
140248,51.474845,5.376563,0.09,21
140248,51.474845,5.376563,0.09,21
140248,51.474845,5.376563,0.08,21
140248,51.474845,5.376563,0.08,21
140248,51.474845,5.376563,0.09,21
140248,51.474845,5.376563,0.09,21
140248,51.474845,5.376563,0.09,21
140249,51.474845,5.376563,0.08,21
140249,51.474845,5.376563,0.1,21
140249,51.474845,5.376563,0.1,21
140249,51.474845,5.376563,0.1,21
140249,51.474845,5.376563,0.08,21
140249,51.474845,5.376563,0.09,21
140249,51.474845,5.376563,0.09,21
140249,51.474845,5.376563,0.09,21
140249,51.474845,5.376563,0.09,21
140249,51.474845,5.376563,0.09,21
140250,51.474845,5.376563,0.09,20
140250,51.474845,5.376563,0.1,20
140250,51.474845,5.376563,0.09,20
140250,51.474845,5.376563,0.1,20
140250,51.474845,5.376563,0.09,20
140250,51.474845,5.376563,0.09,20
140250,51.474845,5.376563,0.09,20
140250,51.474845,5.376563,0.08,20
140250,51.474845,5.376563,0.09,20
140250,51.474845,5.376563,0.09,20
140251,51.474845,5.376563,0.08,20
140251,51.474845,5.376563,0.09,20
140251,51.474845,5.376563,0.09,20
140251,51.474845,5.376563,0.11,20
140251,51.474845,5.376563,0.09,20
140251,51.474845,5.376563,0.09,20
140251,51.474845,5.376563,0.09,20
140251,51.474845,5.376563,0.09,20
140251,51.474845,5.376563,0.09,20
140251,51.474845,5.376563,0.09,20
140252,51.474845,5.376564,0.08,20
140252,51.474845,5.376564,0.09,20
140252,51.474845,5.376564,0.09,20
140252,51.474845,5.376564,0.09,20
140252,51.474845,5.376564,0.09,20
140252,51.474845,5.376564,0.09,20
140252,51.474845,5.376564,0.1,20
140252,51.474845,5.376564,0.1,20
140252,51.474845,5.376564,0.09,20
140252,51.474845,5.376564,0.09,20
140253,51.474846,5.376564,0.11,20
140253,51.474846,5.376564,0.1,20
140253,51.474846,5.376564,0.09,20
140253,51.474846,5.376564,0.08,20
140253,51.474846,5.376564,0.09,20
140253,51.474846,5.376564,0.1,20
140253,51.474846,5.376564,0.1,20
140253,51.474846,5.376564,0.09,20
140253,51.474846,5.376564,0.08,20
140253,51.474846,5.376564,0.09,20
140254,51.474846,5.376564,0.08,20
140254,51.474846,5.376564,0.09,20
140254,51.474846,5.376564,0.09,20
140254,51.474846,5.376564,0.09,20
140254,51.474846,5.376564,0.09,20
140254,51.474846,5.376564,0.09,20
140254,51.474846,5.376564,0.11,20
140254,51.474846,5.376564,0.1,20
140254,51.474846,5.376564,0.1,20
140254,51.474846,5.376564,0.09,20
140255,51.474846,5.376564,0.08,20
140255,51.474846,5.376564,0.09,20
140255,51.474846,5.376564,0.09,20
140255,51.474846,5.376564,0.08,20
140255,51.474846,5.376564,0.1,20
140255,51.474846,5.376564,0.09,20
140255,51.474846,5.376564,0.09,20
140255,51.474846,5.376564,0.09,20
140255,51.474846,5.376564,0.09,20
140255,51.474846,5.376564,0.09,20
140256,51.474846,5.376564,0.08,20
140256,51.474846,5.376564,0.08,20
140256,51.474846,5.376564,0.09,20
140256,51.474846,5.376564,0.08,20
140256,51.474846,5.376564,0.09,20
140256,51.474846,5.376564,0.1,20
140256,51.474846,5.376564,0.09,20
140256,51.474846,5.376564,0.08,20
140256,51.474846,5.376564,0.09,20
140256,51.474846,5.376564,0.1,20
140257,51.474846,5.376564,0.08,20
140257,51.474846,5.376564,0.09,20
140257,51.474846,5.376564,0.07,20
140257,51.474846,5.376564,0.09,20
140257,51.474846,5.376564,0.1,20
140257,51.474846,5.376564,0.09,20
140257,51.474846,5.376564,0.09,20
140257,51.474846,5.376564,0.1,20
140257,51.474846,5.376564,0.09,20
140257,51.474846,5.376564,0.09,20
140258,51.474846,5.376564,0.09,20
140258,51.474846,5.376564,0.09,20
140258,51.474846,5.376564,0.09,20
140258,51.474846,5.376564,0.09,20
140258,51.474846,5.376564,0.09,20
140258,51.474846,5.376564,0.1,20
140258,51.474846,5.376564,0.09,20
140258,51.474846,5.376564,0.08,20
140258,51.474846,5.376564,0.08,20
140258,51.474846,5.376564,0.09,20
140259,51.474846,5.376564,0.08,20
140259,51.474846,5.376564,0.1,20
140259,51.474846,5.376564,0.08,20
140259,51.474846,5.376564,0.1,20
140259,51.474846,5.376564,0.09,20
140259,51.474846,5.376564,0.08,20
140259,51.474846,5.376564,0.09,20
140259,51.474846,5.376564,0.08,20
140259,51.474846,5.376564,0.1,20
140259,51.474846,5.376564,0.09,20
140300,51.474846,5.376565,0.09,20
140300,51.474846,5.376565,0.09,20
140300,51.474846,5.376565,0.1,20
140300,51.474846,5.376565,0.09,20
140300,51.474846,5.376565,0.09,20
140300,51.474846,5.376565,0.09,20
140300,51.474846,5.376565,0.09,20
140300,51.474846,5.376565,0.08,20
140300,51.474846,5.376565,0.1,20
140300,51.474846,5.376565,0.08,20
140301,51.474846,5.376565,0.08,20
140301,51.474846,5.376565,0.1,20
140301,51.474846,5.376565,0.09,20
140301,51.474846,5.376565,0.09,20
140301,51.474846,5.376565,0.09,20
140301,51.474846,5.376565,0.09,20
140301,51.474846,5.376565,0.11,20
140301,51.474846,5.376565,0.09,20
140301,51.474846,5.376565,0.1,20
140301,51.474846,5.376565,0.09,20
140302,51.474846,5.376565,0.1,20
140302,51.474846,5.376565,0.09,20
140302,51.474846,5.376565,0.08,20
140302,51.474846,5.376565,0.08,20
140302,51.474846,5.376565,0.09,20
140302,51.474846,5.376565,0.1,20
140302,51.474846,5.376565,0.09,20
140302,51.474846,5.376565,0.09,20
140302,51.474846,5.376565,0.09,20
140303,51.474846,5.376565,0.1,20
140303,51.474846,5.376565,0.08,20
140303,51.474846,5.376565,0.09,20
140303,51.474846,5.376565,0.1,20
140303,51.474846,5.376565,0.1,20
140303,51.474846,5.376565,0.09,20
140303,51.474846,5.376565,0.08,20
140303,51.474846,5.376565,0.08,20
140303,51.474846,5.376565,0.09,20
140303,51.474846,5.376565,0.1,20
140304,51.474846,5.376565,0.1,20
140304,51.474846,5.376565,0.08,20
140304,51.474846,5.376565,0.09,20
140304,51.474846,5.376565,0.09,20
140304,51.474846,5.376565,0.1,20
140304,51.474846,5.376565,0.09,20
140304,51.474846,5.376565,0.1,20
140304,51.474846,5.376565,0.08,20
140304,51.474846,5.376565,0.08,20
140304,51.474846,5.376565,0.08,20
140305,51.474846,5.376565,0.09,20
140305,51.474846,5.376565,0.09,20
140305,51.474846,5.376565,0.1,20
140305,51.474846,5.376565,0.09,20
140305,51.474846,5.376565,0.09,20
140305,51.474846,5.376565,0.09,20
140305,51.474846,5.376565,0.1,20
140305,51.474846,5.376565,0.1,20
140305,51.474846,5.376565,0.09,20
140305,51.474846,5.376565,0.09,20
140306,51.474846,5.376565,0.1,20
140306,51.474846,5.376565,0.1,20
140306,51.474846,5.376565,0.09,20
140306,51.474846,5.376565,0.09,20
140306,51.474846,5.376565,0.1,20
140306,51.474846,5.376565,0.08,20
140306,51.474846,5.376565,0.09,20
140306,51.474846,5.376565,0.09,20
140306,51.474846,5.376565,0.1,20
140306,51.474846,5.376565,0.09,20
140307,51.474846,5.376565,0.08,20
140307,51.474846,5.376565,0.1,20
140307,51.474846,5.376565,0.09,20
140307,51.474846,5.376565,0.09,20
140307,51.474846,5.376565,0.09,20
140307,51.474846,5.376565,0.09,20
140307,51.474846,5.376565,0.09,20
140307,51.474846,5.376565,0.08,20
140307,51.474846,5.376565,0.09,20
140307,51.474846,5.376565,0.08,20
140308,51.474846,5.376565,0.09,20
140308,51.474846,5.376565,0.09,20
140308,51.474846,5.376565,0.09,20
140308,51.474846,5.376565,0.1,20
140308,51.474846,5.376565,0.09,20
140308,51.474846,5.376565,0.08,20
140308,51.474846,5.376565,0.08,20
140308,51.474846,5.376565,0.07,20
140308,51.474846,5.376565,0.09,20
140308,51.474846,5.376565,0.09,20
140308,51.474846,5.376565,0.1,20
140309,51.474846,5.376565,0.08,20
140309,51.474846,5.376565,0.1,20
140309,51.474846,5.376565,0.1,20
140309,51.474846,5.376565,0.08,20
140309,51.474846,5.376565,0.08,20
140309,51.474846,5.376565,0.08,20
140309,51.474846,5.376565,0.09,20
140309,51.474846,5.376565,0.09,20
140309,51.474846,5.376565,0.08,20
140310,51.474846,5.376565,0.09,20
140310,51.474846,5.376565,0.09,20
140310,51.474846,5.376565,0.09,20
140310,51.474846,5.376565,0.09,20
140310,51.474846,5.376565,0.09,20
140310,51.474846,5.376565,0.09,20
140310,51.474846,5.376565,0.08,20
140310,51.474846,5.376565,0.09,20
140310,51.474846,5.376565,0.08,20
140310,51.474846,5.376565,0.1,20
140311,51.474846,5.376565,0.1,20
140311,51.474846,5.376565,0.1,20
140311,51.474846,5.376565,0.1,20
140311,51.474846,5.376565,0.09,20
140311,51.474846,5.376565,0.1,20
140311,51.474846,5.376565,0.1,20
140311,51.474846,5.376565,0.1,20
140311,51.474846,5.376565,0.08,20
140311,51.474846,5.376565,0.09,20
140311,51.474846,5.376565,0.1,20
140312,51.474846,5.376565,0.1,20
140312,51.474846,5.376565,0.09,20
140312,51.474846,5.376565,0.09,20
140312,51.474846,5.376565,0.08,20
140312,51.474846,5.376565,0.09,20
140312,51.474846,5.376565,0.09,20
140312,51.474846,5.376565,0.09,20
140312,51.474846,5.376565,0.1,20
140312,51.474846,5.376565,0.09,20
140312,51.474846,5.376565,0.1,20
140313,51.474846,5.376565,0.09,20
140313,51.474846,5.376565,0.09,20
140313,51.474846,5.376565,0.1,20
140313,51.474846,5.376565,0.09,20
140313,51.474846,5.376565,0.09,20
140313,51.474846,5.376565,0.1,20
140313,51.474846,5.376565,0.08,20
140313,51.474846,5.376565,0.1,20